,text,pre_annotation,miriam,xavi,mireia,agreement,Rejected
t_198,Todo el mundo se pone nervioso,[],"['sobregeneralización', 'pensamiento absolutista']",['sobregeneralización'],[],2.0,
d_159,"Fue simpático y agradable conmigo durante la cita. No obstante, lo ví mirar el reloj 2 veces. Seguro que soy una persona aburrida","['Abstracción selectiva', 'Etiquetado']",['leer la mente'],['abstracción selectiva'],['abstracción selectiva'],2.0,
d_135,"He engordado 4 kgs, esto es tremendo, inaceptable, no valgo para nada",['Catastrofismo'],"['sobregeneralización', 'catastrofismo', 'pensamiento absolutista']","['abstracción selectiva', 'sobregeneralización']","['catastrofismo', 'abstracción selectiva', 'sobregeneralización']",3.0,
d_194,Cuando mis padres se divorciaron estuve seguro que fue por mi culpa,['Personalización'],['personalización'],['personalización'],"['adivinación', 'leer la mente']",2.0,
d_65,no soy inteligente,['Etiquetado'],['pensamiento absolutista'],['etiquetado'],,1.0,
d_62,no soy guapo,['Etiquetado'],['pensamiento absolutista'],['etiquetado'],,1.0,
d_54,tengo que esforzarme más,['Imperativos'],['imperativos'],['imperativos'],,2.0,
d_199,En el trabajo tenía la impresión de que cada vez que el encargado hablaba de que había que mejorar la calidad del trabajo se referían exclusivamente a mi,['Personalización'],"['personalización', 'adivinación']",['personalización'],,2.0,
d_38,estoy convencido de que no me quieren tanto como yo a ellos,['Leer la mente'],['razonamiento emocional'],['leer la mente'],"['adivinación', 'leer la mente']",2.0,
d_100,si no estoy delgado no soy feliz,['Pensamiento absolutista'],['sobregeneralización'],['pensamiento absolutista'],['pensamiento absolutista'],2.0,
d_106,"aunque ahora mismo estoy bien, estoy convencida de que va a pasar algo malo",['Adivinación'],['adivinación'],['adivinación'],['adivinación'],3.0,
d_166,"Siento que no puedo con esto, por tanto, no puedo.",['Razonamiento emocional'],"['razonamiento emocional', 'pensamiento absolutista']",['razonamiento emocional'],['razonamiento emocional'],3.0,
d_74,es que soy imbecil no tengo remedio,['Etiquetado'],['etiquetado'],['etiquetado'],['etiquetado'],3.0,
t_52,"Mi padre tiene que jubilarse, ya tiene 65 años",[],['imperativos'],['imperativos'],[],2.0,
d_84,"Si no estás conmigo, estás contra mí",['Pensamiento absolutista'],['abstracción selectiva'],['pensamiento absolutista'],['pensamiento absolutista'],2.0,
d_92,o apruebo el examen o no tendré futuro,['Pensamiento absolutista'],"['abstracción selectiva', 'adivinación']","['adivinación', 'pensamiento absolutista']",['pensamiento absolutista'],2.0,
d_149,En el trabajo me felicitaron todos excepto mi jefe. Seguro que cometí muchos errores en el proyecto,['Abstracción selectiva'],"['personalización', 'adivinación', 'catastrofismo']",['abstracción selectiva'],['abstracción selectiva'],2.0,
a_100,Me sentiria mejor conmigo mismo si estubiera más delgado,[],"['razonamiento emocional', 'adivinación']",['adivinación'],,2.0,
d_198,"Marta tiene mala cara, debe de estar enfadada conmigo",['Personalización'],"['razonamiento emocional', 'personalización']","['leer la mente', 'abstracción selectiva']",['leer la mente'],2.0,
a_138,"Puede que me diagnostiquen un cáncer, entonces tendré que ver qué puedo hacer, qué pronóstico y tratamientos existen",[],"['personalización', 'catastrofismo']",['adivinación'],,1.0,
t_158,"Mi padre prefiere el rojo, pero a veces se viste de azul. Quizás no tiene claros sus gustos",[],['adivinación'],['pensamiento absolutista'],,1.0,
d_192,"Algo va mal, seguro que he sido yo.",['Personalización'],"['imperativos', 'personalización', 'catastrofismo', 'abstracción selectiva']",['personalización'],"['personalización', 'adivinación']",3.0,
d_141," He perdido el paraguas, soy un desastre ",['Abstracción selectiva'],"['etiquetado', 'sobregeneralización']","['etiquetado', 'abstracción selectiva']","['abstracción selectiva', 'personalización', 'etiquetado']",3.0,
d_60,Debo hablar mejor a la gente o me voy a quedar solo,"['Imperativos', 'Adivinación']","['imperativos', 'catastrofismo']",['imperativos'],"['pensamiento absolutista', 'imperativos']",3.0,
d_37,sé que me odian,['Leer la mente'],"['imperativos', 'leer la mente']",['leer la mente'],"['adivinación', 'leer la mente']",3.0,
d_120,"me gustaría quedar con él, pero estoy convencido de que no querrá",['Adivinación'],"['adivinación', 'leer la mente']","['adivinación', 'leer la mente']",['adivinación'],3.0,
d_151,"La cena que preparé le gusto a todos. Sin embargo, comentaron que las patatas estaban algo saladas. Eso quiere decir que no disfrutaron de la cena","['Abstracción selectiva', 'Leer la mente']","['sobregeneralización', 'abstracción selectiva']",['abstracción selectiva'],['abstracción selectiva'],3.0,
d_93,si no soy el mejor en mi trabajo entonces me despedirán,['Pensamiento absolutista'],"['pensamiento absolutista', 'adivinación']",['pensamiento absolutista'],"['adivinación', 'pensamiento absolutista']",3.0,
d_178,Si me da ansiedad al estar entre tantas personas es porque es peligroso,['Razonamiento emocional'],"['catastrofismo', 'razonamiento emocional']",['razonamiento emocional'],['razonamiento emocional'],3.0,
d_142,Los problemas de mi hijo con la escuela son consecuencia de mi fracaso como madre.,['Abstracción selectiva'],"['abstracción selectiva', 'personalización']",['personalización'],['sobregeneralización'],2.0,
d_193,"Mi pareja ha llegado a casa disgustada, seguro que he hecho algo mal.",['Personalización'],"['imperativos', 'catastrofismo', 'personalización']",['personalización'],"['adivinación', 'sobregeneralización']",2.0,
a_162,"Estás triste, puede que la situación sea mala",[],['razonamiento emocional'],['razonamiento emocional'],,2.0,
d_126,"Esta llegando tarde, seguro que el tren ha tenido un accidente",['Catastrofismo'],"['catastrofismo', 'imperativos', 'adivinación']",['catastrofismo'],['catastrofismo'],3.0,
a_133,"Me he equivocado en el nombre de un informe, seguramente mi jefa me dirá que me he de fijar más en estos detalles",[],"['catastrofismo', 'leer la mente']",['adivinación'],,1.0,
t_59,Tengo que hacer la comida,[],['imperativos'],['imperativos'],,2.0,
t_55,Tengo que estudiar para el examen,[],['imperativos'],['imperativos'],,2.0,
d_51,debería volver a considerar otras opciones,['Imperativos'],['imperativos'],['imperativos'],,2.0,
d_168,"Me siento deprimido, la vida no tiene sentido.",['Razonamiento emocional'],"['pensamiento absolutista', 'razonamiento emocional']",['razonamiento emocional'],['razonamiento emocional'],3.0,
t_24,no hay nada seguro en esta vida,[],"['adivinación', 'pensamiento absolutista']",['sobregeneralización'],,1.0,
t_156,La noche fue horrible porque nos atracaron en el portal,[],['abstracción selectiva'],['abstracción selectiva'],,2.0,
t_164,"Si no tengo a mis amigos de verdad, me siento solo",[],['abstracción selectiva'],[],,1.0,
t_102,"cuando salte al escenario, me sentiré diferente",[],['adivinación'],['adivinación'],['adivinación'],3.0,
d_150,Me prepararon una fiesta sorpresa pero fue empezar a llover y fastidiarse todo,['Abstracción selectiva'],['catastrofismo'],['abstracción selectiva'],"['catastrofismo', 'abstracción selectiva']",2.0,
t_20,Las cosas nunca salen iguales,[],['pensamiento absolutista'],['sobregeneralización'],[],1.0,
t_162,Puedo ser mala persona si siento que debo serlo,[],['razonamiento emocional'],['razonamiento emocional'],['razonamiento emocional'],3.0,
a_92,"Este examen es importante, aunque el futuro es mucho más",[],"['pensamiento absolutista', 'adivinación']",[],,1.0,
t_115,sé que no mejoraré si no pongo de mi parte,[],['imperativos'],['adivinación'],,1.0,
t_72,"este vestido es horrible, nunca me lo compraria",[],"['etiquetado', 'pensamiento absolutista']",['sobregeneralización'],['sobregeneralización'],2.0,
t_9,Todo lo que me dijo tenía sentido,[],['pensamiento absolutista'],,['sobregeneralización'],1.0,
d_109,El examen de mañana seguro que me va a ir mal,['Adivinación'],"['imperativos', 'adivinación']",['adivinación'],['adivinación'],3.0,
d_8,todo lo que hago está mal,['Sobregeneralización'],['pensamiento absolutista'],['sobregeneralización'],['sobregeneralización'],2.0,
d_48,Deberían ser más amables conmigo,['Imperativos'],['imperativos'],['imperativos'],['imperativos'],3.0,
d_123,"Es mejor que no lo intente, porque fracasaré y será horrible.",['Catastrofismo'],"['pensamiento absolutista', 'adivinación']",['adivinación'],['catastrofismo'],2.0,
t_11,Me gustan todos los tipos de música,[],['pensamiento absolutista'],,,1.0,
t_73,la música del bar es inaguantable mejor buscamos un sitio más tranquilo,[],['abstracción selectiva'],,,1.0,
t_174,Siento que nadie me comprende. Este bicho es muy raro,[],"['sobregeneralización', 'razonamiento emocional']",,,1.0,
t_193,"Me estaba mirando fijamente a los ojos, seguro que piensa que son bonitos",[],"['imperativos', 'leer la mente']",['leer la mente'],"['sobregeneralización', 'abstracción selectiva']",2.0,
d_98,si no estoy siempre bien me agobio mucho,['Pensamiento absolutista'],['pensamiento absolutista'],['pensamiento absolutista'],['pensamiento absolutista'],3.0,
d_200,"Cuando escuchaba a mi marido quejarse de lo aburrido del fin de semana, pensaba; seguro que piensa que soy aburrida",['Personalización'],"['abstracción selectiva', 'personalización', 'imperativos']","['personalización', 'leer la mente']","['sobregeneralización', 'pensamiento absolutista', 'razonamiento emocional']",2.0,
t_97,O encuentro una pareja de baile o las clases que he hecho no servirán para bailar sola,[],"['adivinación', 'pensamiento absolutista']",['pensamiento absolutista'],['pensamiento absolutista'],3.0,
a_25,Creo que no me quiere ,[],"['pensamiento absolutista', 'leer la mente']",['leer la mente'],,2.0,
d_121,No podría haber ido peor,['Catastrofismo'],['catastrofismo'],['catastrofismo'],['catastrofismo'],3.0,
t_62,los cálculos que nos han proporcionado son catastróficos,[],"['catastrofismo', 'pensamiento absolutista']",,,1.0,
d_128,"No voy a la fiesta porque me da terror que me rechacen, eso es lo peor, no lo podría aguantar ",['Catastrofismo'],"['pensamiento absolutista', 'sobregeneralización', 'catastrofismo']",['catastrofismo'],"['catastrofismo', 'razonamiento emocional']",3.0,
d_24,Yo no le gusto a ella.,['Leer la mente'],"['leer la mente', 'pensamiento absolutista', 'catastrofismo']",['leer la mente'],,2.0,
t_5,Siempre me han gustado las matemáticas ,[],['pensamiento absolutista'],,,1.0,
t_114,me sentiré mal si actúo en contra de mis valores,[],"['razonamiento emocional', 'adivinación']",,,1.0,
d_59,"Debería hacer las cosas con más antelación, luego me pongo nervioso",['Imperativos'],['imperativos'],,,1.0,
d_25,"Siempre está sonriendo, pero sé que no me quiere.",['Leer la mente'],"['pensamiento absolutista', 'leer la mente']","['abstracción selectiva', 'leer la mente']","['adivinación', 'leer la mente']",3.0,
d_30,Seguro que piensan que no me implico lo suficiente ,['Leer la mente'],"['personalización', 'leer la mente']",['leer la mente'],['leer la mente'],3.0,
t_81,o vienes o te vas,[],['pensamiento absolutista'],['pensamiento absolutista'],,2.0,
t_111,sé que no será todo perfecto siempre,[],"['imperativos', 'pensamiento absolutista']",,,1.0,
t_4,todo lo relacionado con la política me disgusta,[],['pensamiento absolutista'],,['sobregeneralización'],1.0,
a_137,"Mi hijo no me ha llamado para decirme que ha llegado, seguro que ha encontrado caravana y/o le está costando aparcar",[],['adivinación'],,['abstracción selectiva'],1.0,
d_176,"Me siento triste, por lo que debería hacer cambios en mi vida","['Razonamiento emocional', 'Imperativos']","['razonamiento emocional', 'imperativos']",['razonamiento emocional'],,2.0,
t_36,Mi hermana no piensa; actúa impulsivamente.,[],[],['leer la mente'],['sobregeneralización'],1.0,
d_190,"Mis amigos no me han llamado para quedar ultimamente, seguro que es porque ya no quieren seguir viéndome.",['Personalización'],"['adivinación', 'leer la mente']","['abstracción selectiva', 'personalización']","['abstracción selectiva', 'sobregeneralización']",2.0,
d_90,Si no hago ejercicio engordaré,['Pensamiento absolutista'],['pensamiento absolutista'],,,1.0,
d_185,Sé que se están riendo de mí,"['Personalización', 'Leer la mente']","['imperativos', 'leer la mente']",['leer la mente'],['leer la mente'],3.0,
d_183,¡Todo es por mi culpa!,"['Personalización', 'Sobregeneralización']",['pensamiento absolutista'],['personalización'],['sobregeneralización'],1.0,
d_164,"Me siento incompetente, luego soy incompetente.","['Razonamiento emocional', 'Etiquetado']",['razonamiento emocional'],['razonamiento emocional'],['razonamiento emocional'],3.0,
d_107,estoy segura de que me voy a equivocar por mucho que me prepare,['Adivinación'],['adivinación'],['adivinación'],"['sobregeneralización', 'adivinación']",3.0,
d_160,"Mi entrenador me felicitó por mi rendimiento, pero me sustituyó a la media parte. Sé que en el fondo no cuenta conmigo.","['Abstracción selectiva', 'Leer la mente']","['imperativos', 'personalización']",['abstracción selectiva'],"['abstracción selectiva', 'adivinación']",2.0,
d_102,estoy segura de que no les va a gustar.,['Adivinación'],['pensamiento absolutista'],['adivinación'],['adivinación'],2.0,
d_96,siento que si no lo hago perfecto no es suficiente,['Pensamiento absolutista'],"['razonamiento emocional', 'pensamiento absolutista']",['pensamiento absolutista'],"['pensamiento absolutista', 'razonamiento emocional']",3.0,
d_154,"Según mis amigos, tengo buen fondo. No obstante, me dicen que debería tener más tacto. Soy un mal amigo","['Abstracción selectiva', 'Etiquetado']","['pensamiento absolutista', 'catastrofismo', 'personalización', 'sobregeneralización']",['abstracción selectiva'],['etiquetado'],1.0,
t_128,"Equivocarse en el nombre de un informe en la empresa, será un error grave",[],"['catastrofismo', 'pensamiento absolutista']",,,1.0,
d_61,soy imbecil,['Etiquetado'],['etiquetado'],['etiquetado'],['etiquetado'],3.0,
t_46,Tengo que comprar algo para comer,[],['imperativos'],,,1.0,
t_138,Lo peor de trabajar mucho es que no te guste lo que haces,[],['pensamiento absolutista'],,['sobregeneralización'],1.0,
d_140,"Es la ruina, el coche no arranca",['Catastrofismo'],['abstracción selectiva'],,['catastrofismo'],1.0,
d_97,o está perfecto o no lo quiero,['Pensamiento absolutista'],['pensamiento absolutista'],['pensamiento absolutista'],['pensamiento absolutista'],3.0,
t_122,Me sabe fatal que no llegaras a tiempo,[],['abstracción selectiva'],,,1.0,
t_12,Nunca tomo el sol sin protección ,[],['pensamiento absolutista'],,,1.0,
d_2,Nunca cumple con su palabra… es que siempre hace igual,['Sobregeneralización'],['pensamiento absolutista'],['sobregeneralización'],['sobregeneralización'],2.0,
d_4,Todo el mundo tiene la misma actitud.,['Sobregeneralización'],"['sobregeneralización', 'pensamiento absolutista']",['sobregeneralización'],['sobregeneralización'],3.0,
d_152,He aprobado todas las asignaturas pero no han sido todo sobresalientes. Soy un desastre ,"['Abstracción selectiva', 'Etiquetado']","['etiquetado', 'sobregeneralización']","['abstracción selectiva', 'etiquetado']","['etiquetado', 'pensamiento absolutista', 'sobregeneralización']",3.0,
d_127,"Lo que me está pasando es horrible, no lo puedo soportar",['Catastrofismo'],['pensamiento absolutista'],['catastrofismo'],['catastrofismo'],2.0,
t_196,Todo el mundo se me ha quedado mirando,[],"['personalización', 'leer la mente']",[],,1.0,
t_10,Siempre estoy de buen humor,[],['pensamiento absolutista'],['sobregeneralización'],['sobregeneralización'],2.0,
d_191,"Mi paciente  ha empeorado desde hace unas semanas, debe ser mi culpa, no le ha funcionado el tratamiento.",['Personalización'],"['personalización', 'abstracción selectiva']",['personalización'],"['abstracción selectiva', 'adivinación']",2.0,
d_99,sino quedo el primero en la carrera habré perdido,['Pensamiento absolutista'],['pensamiento absolutista'],['pensamiento absolutista'],['pensamiento absolutista'],3.0,
d_21,"Simplemente lo sé, estoy convencida. Piensa que soy lo peor.",['Leer la mente'],['leer la mente'],['leer la mente'],['leer la mente'],3.0,
d_144,"La máquina de lavar se ha parado. Siempre sucede lo mismo. No lo soporto más, ya me ha fastidiado el resto del día.","['Abstracción selectiva', 'Sobregeneralización']",['abstracción selectiva'],['catastrofismo'],"['sobregeneralización', 'pensamiento absolutista', 'abstracción selectiva']",2.0,
t_112,me sentiré extraño al actuar distinto y eso puede ser bueno,[],['adivinación'],,,1.0,
d_95,siempre estamos igual o encontramos la forma de entendernos o yo me voy de casa,"['Pensamiento absolutista', 'Sobregeneralización']",['pensamiento absolutista'],['pensamiento absolutista'],['pensamiento absolutista'],3.0,
d_53,he engordado ultimamente y tengo que adelgazar,['Imperativos'],['imperativos'],['imperativos'],,2.0,
d_177,Si me enfado es porque me ha hecho algo malo,['Razonamiento emocional'],['razonamiento emocional'],['razonamiento emocional'],,2.0,
t_141,Soy un ser humano maravilloso porque siempre escucho a los demás,[],['sobregeneralización'],['abstracción selectiva'],['abstracción selectiva'],2.0,
t_38,"Sé que si no ceno, por la noche tendré hambre.",[],['imperativos'],,,1.0,
t_3,todos los años pasa algo,[],['pensamiento absolutista'],,,1.0,
t_200,Hay pocas cosas que me hagan reír,[],['catastrofismo'],,,1.0,
d_58,mi familia tiene que ser más amable conmigo,['Imperativos'],['imperativos'],['imperativos'],['imperativos'],3.0,
d_122,Las consecuencias serían insoportables… fracasaría y sería horrible.,['Catastrofismo'],['catastrofismo'],['catastrofismo'],['catastrofismo'],3.0,
t_40,Estoy convencido de que mañana ganaremos el partido,[],['pensamiento absolutista'],,['adivinación'],1.0,
d_72,soy completamente idiota,['Etiquetado'],['etiquetado'],['etiquetado'],['etiquetado'],3.0,
d_153,Mi hijo dice que me quiere pero a veces se enfada conmigo. Quizás no me quiere tanto,['Abstracción selectiva'],['abstracción selectiva'],['abstracción selectiva'],['abstracción selectiva'],3.0,
d_32,"siempre está sonriendo, pero sé que me odia",['Leer la mente'],['leer la mente'],['leer la mente'],['adivinación'],2.0,
t_79,El ruido que hacen las obras es insoportable,[],['pensamiento absolutista'],[],['catastrofismo'],1.0,
d_124,Todo irá mal,['Catastrofismo'],['pensamiento absolutista'],['adivinación'],"['adivinación', 'sobregeneralización']",2.0,
a_45,"Si acabo los temas abiertos de trabajo antes de vacaciones, estaré más tranquilo ",[],['adivinación'],,,1.0,
t_123,"ja ja ja, qué gracioso, ¡eres terrible!",[],['etiquetado'],,['etiquetado'],2.0,
d_119,si voy a la fiesta voy a ser el hazmerreir ,['Adivinación'],['adivinación'],['adivinación'],['adivinación'],3.0,
t_134,Para mí es insoportable estar tranquilo en sitios cerrados,[],['pensamiento absolutista'],[],['catastrofismo'],1.0,
d_129,Es mejor que no lo intente porque seguro que me saldrá mal y será insoportable,['Catastrofismo'],"['pensamiento absolutista', 'adivinación']",['adivinación'],"['adivinación', 'catastrofismo']",3.0,
d_118,"prefiero no hacerlo, seguro que me sale mal",['Adivinación'],['adivinación'],['adivinación'],"['catastrofismo', 'sobregeneralización']",2.0,
d_44,debería planificar las vacaciones y buscar con quién dejar a los niños mientras yo no estoy,['Imperativos'],['imperativos'],,,1.0,
t_47,Deberia avisar de que me voy,[],['imperativos'],,,1.0,
d_6,nunca me salen bien las cosas,['Sobregeneralización'],['pensamiento absolutista'],['sobregeneralización'],['sobregeneralización'],2.0,
t_18,Siempre pasan cosas,[],['pensamiento absolutista'],,,1.0,
d_147,Mis padres están gritando. Creo que se van a divorciar.,"['Abstracción selectiva', 'Adivinación']",['abstracción selectiva'],['abstracción selectiva'],"['adivinación', 'abstracción selectiva']",3.0,
t_80,Me siento inutil leyendo cosas que no entiendo,[],['etiquetado'],['etiquetado'],[],2.0,
d_81,O me ayuda o no quiero saber nada de esa persona.,['Pensamiento absolutista'],['pensamiento absolutista'],['pensamiento absolutista'],['pensamiento absolutista'],3.0,
d_175,"Me siento mal por haberle dicho la verdad a mi amiga, seguro que he hecho algo malo",['Razonamiento emocional'],"['imperativos', 'catastrofismo', 'adivinación']",['razonamiento emocional'],"['adivinación', 'razonamiento emocional', 'sobregeneralización']",2.0,
d_139,"Si no me quiere será terrible, un horror",['Catastrofismo'],"['catastrofismo', 'pensamiento absolutista']",['catastrofismo'],"['catastrofismo', 'adivinación']",3.0,
t_82,"si no vienes, te lo vas a perder",[],['adivinación'],,,1.0,
d_31,Estoy seguro que mis amigos creen que deberia estar más atenta a sus necesidades y que ultimamente paso de ellos,"['Leer la mente', 'Imperativos']",['imperativos'],['leer la mente'],['adivinación'],1.0,
a_132,"Me noto el corazón muy acelerado, debo de estar nervioso",[],['abstracción selectiva'],['razonamiento emocional'],,1.0,
d_73,soy asqueroso,['Etiquetado'],['etiquetado'],['etiquetado'],['etiquetado'],3.0,
t_27,Estoy convencido de que todo saldrá bien ,[],['pensamiento absolutista'],['adivinación'],"['sobregeneralización', 'razonamiento emocional']",1.0,
t_124,las consecuencias del incendio han sido terribles ,[],['catastrofismo'],,,1.0,
d_16,casi nunca estoy bien,['Sobregeneralización'],[],['sobregeneralización'],,1.0,
d_88,me encuentro muy cansada si no termino la investigación se acabó,['Pensamiento absolutista'],['pensamiento absolutista'],['catastrofismo'],,1.0,
d_7,siempre me encuentro igual de mal,['Sobregeneralización'],['pensamiento absolutista'],['sobregeneralización'],,1.0,
t_25,estoy segura que mañana lloverá,[],[],,['sobregeneralización'],1.0,
d_55,mi pareja tendría que ser más cariñoso conmigo,['Imperativos'],['imperativos'],['imperativos'],['imperativos'],3.0,
d_70,soy lo peor,['Etiquetado'],['etiquetado'],['etiquetado'],['etiquetado'],3.0,
d_42,deberían de ser más amables conmigo,['Imperativos'],['imperativos'],['imperativos'],['imperativos'],3.0,
t_58,"Tengo que ir al médico, me encuentro mal",[],['imperativos'],,,1.0,
t_121,la clase de catalán duró 3 horas. Fue horrible.,[],"['catastrofismo', 'abstracción selectiva']",,"['catastrofismo', 'abstracción selectiva']",2.0,
d_179,Si me siento un perdedor es porque lo soy,"['Razonamiento emocional', 'Etiquetado']",['razonamiento emocional'],['razonamiento emocional'],['razonamiento emocional'],3.0,
d_50,tengo que hacer muchas cosas pero nunca tengo tiempo,['Imperativos'],"['imperativos', 'pensamiento absolutista']",['sobregeneralización'],,1.0,
d_173,"Siento que todo es demasiado complicado, por tanto, debe serlo",['Razonamiento emocional'],['razonamiento emocional'],['razonamiento emocional'],['razonamiento emocional'],3.0,
d_138,"Si me diagnostican un cáncer sería lo peor del mundo, se acabaría toda mi vida",['Catastrofismo'],['catastrofismo'],['catastrofismo'],['catastrofismo'],3.0,
t_64,quedarse sin cenar es lo peor,[],['catastrofismo'],,['sobregeneralización'],1.0,
t_63,ese tío es asquerosamente rico,[],['etiquetado'],,['etiquetado'],2.0,
d_186,Creo que pongo nervioso a todo el mundo.,['Personalización'],['pensamiento absolutista'],['sobregeneralización'],"['razonamiento emocional', 'sobregeneralización']",2.0,
d_172,"Si siento que no vale la pena esforzarme, es porque realmente no vale la pena",['Razonamiento emocional'],['razonamiento emocional'],['razonamiento emocional'],['razonamiento emocional'],3.0,
d_188,"Mi compañero de trabajo me ha mirado mal esta mañana, seguro que es porque le caigo mal.","['Personalización', 'Leer la mente']","['pensamiento absolutista', 'leer la mente']",['abstracción selectiva'],"['abstracción selectiva', 'adivinación']",2.0,
d_9,siento constantemente que a nadie le importo,['Sobregeneralización'],"['razonamiento emocional', 'pensamiento absolutista']",['razonamiento emocional'],['sobregeneralización'],2.0,
d_125,La reunión fue un desastre,['Catastrofismo'],['catastrofismo'],,['catastrofismo'],2.0,
t_70,"mis compañeros son malos en fútbol, no le salen bien ningun pase",[],"['pensamiento absolutista', 'etiquetado']",['sobregeneralización'],,1.0,
t_22,"estoy convencido de que el examen te va a ir bien, ya que has estudiado para ello.",[],['pensamiento absolutista'],,['adivinación'],1.0,
d_103,Me va a ir mal en este examen.,['Adivinación'],"['pensamiento absolutista', 'adivinación']",['adivinación'],['adivinación'],3.0,
d_33,"aunque me dice que me quiere, estoy convencida de que miente",['Leer la mente'],['leer la mente'],"['leer la mente', 'abstracción selectiva']",['sobregeneralización'],2.0,
t_172,"Si me enfado es porque, en mi opinión, me ha hecho algo malo",[],[],['razonamiento emocional'],,1.0,
d_15,nunca podré hacer mi tarea,"['Sobregeneralización', 'Adivinación']",['pensamiento absolutista'],['sobregeneralización'],['sobregeneralización'],2.0,
d_180,"¿Como no va a ser injusto, si me siento así de mal?",['Razonamiento emocional'],[],['razonamiento emocional'],,1.0,
d_162,"¡Estás triste, así que la situación debe ser muy mala!",['Razonamiento emocional'],"['catastrofismo', 'razonamiento emocional']",['razonamiento emocional'],,2.0,
t_183,"Se ha cancelado el vuelo, es culpa de la compañía aerea",[],[],['abstracción selectiva'],,1.0,
d_23,El ascensorista piensa que soy un don nadie.,['Leer la mente'],[],['leer la mente'],"['leer la mente', 'etiquetado']",2.0,
d_69,"soy un desastre, siempre me equivoco","['Etiquetado', 'Sobregeneralización']","['etiquetado', 'pensamiento absolutista']",['sobregeneralización'],"['etiquetado', 'sobregeneralización']",2.0,
t_45,tengo que mirar como llegar a casa desde aquí,[],['imperativos'],,,1.0,
t_195,"Mi madre se ha enfermado, es su culpa por no ir con más cuidado",[],[],['abstracción selectiva'],['etiquetado'],1.0,
d_64,soy completamente imbécil,['Etiquetado'],['etiquetado'],['etiquetado'],"['etiquetado', 'sobregeneralización']",3.0,
d_116,Seguro que no le gusto,['Adivinación'],['imperativos'],['adivinación'],"['sobregeneralización', 'adivinación']",2.0,
t_90,o me lo apunto en la agenda o me olvidaré,[],['pensamiento absolutista'],,,1.0,
d_189,"Me han llamado del colegio porque mi hijo se ha portado mal, es mi culpa porque no le he educado bien,",['Personalización'],"['personalización', 'abstracción selectiva']",['personalización'],"['abstracción selectiva', 'adivinación', 'personalización']",3.0,
d_161,Siento pavor a subirme a un avión. Volar es muy peligroso.,"['Razonamiento emocional', 'Catastrofismo']","['abstracción selectiva', 'sobregeneralización']",['razonamiento emocional'],['razonamiento emocional'],2.0,
t_150,Dicen que soy muy simatico porque siempre hago reir a la gente,[],['abstracción selectiva'],,,1.0,
d_34,"aunque me ayuda, sé que no me quiere",['Leer la mente'],['leer la mente'],['abstracción selectiva'],['leer la mente'],2.0,
d_45,debería zanjar todos los temas de trabajo urgentemente,['Imperativos'],['imperativos'],,,1.0,
d_82,"O está impecable, o está sucio",['Pensamiento absolutista'],['pensamiento absolutista'],['pensamiento absolutista'],['pensamiento absolutista'],3.0,
t_2,no comparto nada de lo que dices,[],['pensamiento absolutista'],['sobregeneralización'],,1.0,
t_166,"Te sientas o no deprimido, la vida no tiene un sentido. Se lo damos.",[],['pensamiento absolutista'],,,1.0,
d_195,"Este mes en el trabajo han bajado mucho las ventas, debería haber trabajado más y mejor.","['Personalización', 'Imperativos']",['imperativos'],['imperativos'],,2.0,
d_110,"Mañana es el primer día de trabajo, seguro que me equivoco",['Adivinación'],['adivinación'],['adivinación'],"['sobregeneralización', 'adivinación']",3.0,
d_89,Estoy muy agobiado estos días. O apruebo las oposiciones o no sé qué haré,['Pensamiento absolutista'],['razonamiento emocional'],['pensamiento absolutista'],['pensamiento absolutista'],2.0,
t_84,o comemos arroz o pasta,[],[],,,,Yes
t_35,Se piensa mejor cuando se duerme bien ,[],['abstracción selectiva'],,,1.0,
d_49,Tengo que estudiar mínimo 2 horas al día como sea ,['Imperativos'],['imperativos'],['imperativos'],['imperativos'],3.0,
d_77,no soy nada inteligente,['Etiquetado'],['pensamiento absolutista'],['etiquetado'],['etiquetado'],2.0,
d_5,Nadie me quiere.,['Sobregeneralización'],['pensamiento absolutista'],['sobregeneralización'],['sobregeneralización'],2.0,
d_131,"Después de esto ya no hay solución, mi vida será un horror",['Catastrofismo'],"['abstracción selectiva', 'catastrofismo', 'sobregeneralización']",['catastrofismo'],"['sobregeneralización', 'adivinación']",2.0,
d_184,Durante la presentación que he hecho creo que se han aburrido porque soy un pesado.,"['Personalización', 'Leer la mente', 'Etiquetado']","['personalización', 'leer la mente']","['etiquetado', 'leer la mente']","['etiquetado', 'leer la mente']",3.0,
d_181,María se está riendo; seguro que es de mí.,['Personalización'],['leer la mente'],['personalización'],['leer la mente'],2.0,
d_115,Me quedaré en blanco en el examen,['Adivinación'],['adivinación'],['adivinación'],['adivinación'],3.0,
t_103,"si no pongo suficiente sal, la comida me saldrá insulsa",[],"['adivinación', 'abstracción selectiva']",,,1.0,
t_179,Si te sientes feliz te fijarás más en  las cosas buenas que te pasan,[],['sobregeneralización'],,,1.0,
t_130,La reparación será bastante cara,[],[],,,,Yes
d_43,debería limpiar más mi casa porque siempre está muy sucia,['Imperativos'],['pensamiento absolutista'],,,1.0,
d_79,"Las personas son hipócritas, confías en ellas y te mienten",['Etiquetado'],"['abstracción selectiva', 'sobregeneralización', 'adivinación']",['sobregeneralización'],"['pensamiento absolutista', 'sobregeneralización']",3.0,
d_52,tengo que comer menos,['Imperativos'],['imperativos'],['imperativos'],,2.0,
d_71,mi amiga es idiota,['Etiquetado'],['etiquetado'],[],['etiquetado'],2.0,
t_34,Piensa mal y acertarás ,[],['adivinación'],[],['adivinación'],2.0,
t_184,"Estaban criticando a alguien esta mañana en el trabajo, seguro que no soy yo",[],"['leer la mente', 'abstracción selectiva']",[],['adivinación'],1.0,
d_20,mi pareja siempre hace lo mismo,['Sobregeneralización'],['pensamiento absolutista'],['sobregeneralización'],['sobregeneralización'],2.0,
d_169,"Si te da miedo, es porque debe haber algo peligroso en ello.",['Razonamiento emocional'],['razonamiento emocional'],['razonamiento emocional'],['razonamiento emocional'],3.0,
d_56,tengo que ser el mejor si no me despedirán,['Imperativos'],['imperativos'],['pensamiento absolutista'],['pensamiento absolutista'],2.0,
d_19,siempre me ignora,['Sobregeneralización'],['pensamiento absolutista'],['sobregeneralización'],['sobregeneralización'],2.0,
d_133,"Me he equivocado en el nombre de un informe, mi jefa me va a matar, nunca más confiará en mí, esto ya no puede ser peor",['Catastrofismo'],"['catastrofismo', 'abstracción selectiva', 'sobregeneralización']",['catastrofismo'],"['sobregeneralización', 'abstracción selectiva', 'etiquetado', 'adivinación']",2.0,
d_86,No aguanto más la situación con mi pareja. O elige a su familia o me elige a mí,['Pensamiento absolutista'],['pensamiento absolutista'],['pensamiento absolutista'],['pensamiento absolutista'],3.0,
d_80,"Soy muy gafe, estropeo todo lo que toco.",['Etiquetado'],"['sobregeneralización', 'etiquetado']","['etiquetado', 'abstracción selectiva']","['etiquetado', 'sobregeneralización']",3.0,
d_167,Mi abuelo murió hace un mes y mi madre está triste desde entonces. Creo que ella se va a morir también.,['Razonamiento emocional'],['abstracción selectiva'],['adivinación'],['razonamiento emocional'],1.0,
d_145,Mi jefe me ha pedido que llegue cinco minutos antes. No está contento con mi trabajo.,['Abstracción selectiva'],['leer la mente'],['abstracción selectiva'],"['abstracción selectiva', 'leer la mente']",2.0,
t_190,"Me estaban mirando los pantalones, seguro que es porque quiere unos iguales",[],['leer la mente'],['leer la mente'],['leer la mente'],3.0,
d_83,"O soy perfecto, o soy un desastre",['Pensamiento absolutista'],['pensamiento absolutista'],['pensamiento absolutista'],['pensamiento absolutista'],3.0,
t_148,No tengo comida en casa por lo que tendré que pedirla a domicilio,[],['imperativos'],,,1.0,
d_104,"Estoy segura de que, aunque salga con amigos, me sentiré mal.",['Adivinación'],['adivinación'],['adivinación'],['adivinación'],3.0,
d_165,"Me siento solo, nunca tendré amigos de verdad","['Razonamiento emocional', 'Adivinación']",['razonamiento emocional'],['razonamiento emocional'],"['razonamiento emocional', 'sobregeneralización']",3.0,
d_101,estoy convencida de que me sentiré mal.,['Adivinación'],['adivinación'],['adivinación'],['adivinación'],3.0,
d_155,La crítica que hicieron sobre mi exposición me fastidió el día entero ,['Abstracción selectiva'],['catastrofismo'],,,1.0,
t_155,"Hemos llegado al restaurante y estaba cerrado, se no ha fastidado la hora de comer",[],[],['abstracción selectiva'],['abstracción selectiva'],2.0,
d_112,Seguro que no apruebo la evaluación,['Adivinación'],['adivinación'],['adivinación'],['sobregeneralización'],2.0,
a_59,Si me organizo el teimpo no me pondré tant nervioso y todo saldrá bien,[],[],,"['abstracción selectiva', 'sobregeneralización']",1.0,
t_21,estoy seguro de mis capacidades,[],['pensamiento absolutista'],,['personalización'],1.0,
t_185,Nada de lo que ha sucedido es por mi culpa,[],['pensamiento absolutista'],[],['sobregeneralización'],1.0,
d_137,"Mi hijo no me ha llamado para decirme que ha llegado. Seguro que les ha pasado algo malo, algo terrible, seguro que han tenido un accidente",['Catastrofismo'],['abstracción selectiva'],['catastrofismo'],"['sobregeneralización', 'abstracción selectiva']",2.0,
d_148,Mis padres se han separado. Seguro que ha sido por mi culpa.,['Abstracción selectiva'],['personalización'],['personalización'],"['razonamiento emocional', 'personalización']",3.0,
d_41,Tengo que estudiar como sea,['Imperativos'],['imperativos'],,,1.0,
d_134,"Que no me responda al mensaje sería lo peor del mundo, lo peor que me podría pasar",['Catastrofismo'],['catastrofismo'],['catastrofismo'],['catastrofismo'],3.0,
t_107,"si digo como me siento, me sentiré vulnerable ",[],['abstracción selectiva'],['adivinación'],,1.0,
d_40,"nunca me ha dicho nada malo, pero sé que me odia",['Leer la mente'],['leer la mente'],"['abstracción selectiva', 'leer la mente']",['leer la mente'],3.0,
d_18,todo lo hago mal,['Sobregeneralización'],['pensamiento absolutista'],['sobregeneralización'],['sobregeneralización'],2.0,
d_3,Todo lo hago igual,['Sobregeneralización'],['pensamiento absolutista'],['sobregeneralización'],['sobregeneralización'],2.0,
d_1,Todo me sale mal… ,['Sobregeneralización'],['pensamiento absolutista'],['sobregeneralización'],['sobregeneralización'],2.0,
d_132,"Me noto el corazón muy acelerado, me dará un ataque de pánico y será horroroso",['Catastrofismo'],"['razonamiento emocional', 'catastrofismo']","['adivinación', 'catastrofismo']","['catastrofismo', 'abstracción selectiva']",3.0,
t_50,debo ir al supermercado porque tengo la nevera vacía,[],['imperativos'],,,1.0,
d_91,si no dejo de comer seguiré estando gordo,['Pensamiento absolutista'],[],['pensamiento absolutista'],,1.0,
d_10,nadie me echa cuenta,['Sobregeneralización'],['pensamiento absolutista'],['sobregeneralización'],['sobregeneralización'],2.0,
d_108,No iré a la fiesta porque seguro que hago el ridículo,['Adivinación'],['pensamiento absolutista'],['adivinación'],['adivinación'],2.0,
t_92,Si no le hago la comida a mi pareja no conseguirá su meta de estar más delgada porque no se sabe cocinar,[],['adivinación'],['adivinación'],"['adivinación', 'abstracción selectiva']",3.0,
t_186,"Mi compañero de trabajo me ha mirado esta mañana, seguro que le gusto",[],['leer la mente'],['abstracción selectiva'],,1.0,
d_174,"Siento que no soy capaz, por lo tanto no debo serlo",['Razonamiento emocional'],['razonamiento emocional'],['razonamiento emocional'],,2.0,
d_12,siempre tengo problemas,['Sobregeneralización'],['pensamiento absolutista'],['sobregeneralización'],,1.0,
d_113,no superaré la entrevista,['Adivinación'],['adivinación'],['adivinación'],,2.0,
d_17,nadie me tiene en cuenta,['Sobregeneralización'],['pensamiento absolutista'],['sobregeneralización'],,1.0,
d_114,Seguro que hará mal tiempo en vacaciones,['Adivinación'],['adivinación'],['adivinación'],,2.0,
t_69,soy pésimo en el ajedrez,[],['etiquetado'],,"['personalización', 'etiquetado']",2.0,
d_11,nadie me valora,['Sobregeneralización'],['pensamiento absolutista'],['abstracción selectiva'],"['sobregeneralización', 'etiquetado']",1.0,
d_39,"siempre me dice que me quiere, pero sé que no es verdad",['Leer la mente'],['leer la mente'],['leer la mente'],"['adivinación', 'sobregeneralización']",2.0,
d_13,jamás tendré fuerzas para conseguir lo que quiero,"['Sobregeneralización', 'Adivinación', 'Catastrofismo']",['catastrofismo'],['adivinación'],"['sobregeneralización', 'adivinación']",2.0,
d_76,he discutido con mi pareja es completamente estúpido,['Etiquetado'],['etiquetado'],,"['abstracción selectiva', 'personalización']",1.0,
t_93,O llego a mi trabajo a las 8 que es la hora perfecta o más tarde no consigo aparcar el coche,[],['pensamiento absolutista'],,['pensamiento absolutista'],2.0,
d_78,es rematadamente tonto,['Etiquetado'],['etiquetado'],,"['etiquetado', 'personalización']",2.0,
d_36,"nunca me ha dicho nada, pero sé que piensa mal de mí",['Leer la mente'],['leer la mente'],,['leer la mente'],2.0,
d_111,Estoy convencida de que todo irá mal,"['Adivinación', 'Sobregeneralización']",['pensamiento absolutista'],,['adivinación'],1.0,
d_66,mi tio es insoportable,['Etiquetado'],['etiquetado'],,['etiquetado'],2.0,
d_171,"Si estudiar no me hace feliz, es porque no es bueno para mí",['Razonamiento emocional'],['abstracción selectiva'],,"['razonamiento emocional', 'abstracción selectiva']",2.0,
d_94,O está todo bien organizado o no voy a ir al viaje,['Pensamiento absolutista'],['pensamiento absolutista'],,['pensamiento absolutista'],2.0,
d_26,la gente del trabajo me odia,['Leer la mente'],"['leer la mente', 'pensamiento absolutista']",,['leer la mente'],2.0,
d_182,Mi jefe me ha dicho que todos los pacientes a cargo de un residente deberían ser examinados por un médico de la plantilla. Seguro que jefe no se fía de mi trabajo.,['Personalización'],"['sobregeneralización', 'leer la mente']",,"['abstracción selectiva', 'personalización']",1.0,
d_22,"Sé que mi padre, en el fondo, piensa que soy un inútil.",['Leer la mente'],['leer la mente'],,"['leer la mente', 'etiquetado']",2.0,
d_163,"Siento que soy una mala persona, por tanto debo serlo.",['Razonamiento emocional'],['razonamiento emocional'],,['razonamiento emocional'],2.0,
t_41,debería comprar el pan para la cena,[],['imperativos'],,,1.0,
t_31,Solo sé que no sé nada.,[],['pensamiento absolutista'],,['sobregeneralización'],1.0,
d_68,la verdad es que no paro de pensar en que soy idiota,['Etiquetado'],['etiquetado'],,['etiquetado'],2.0,
t_165,"Siento, que no puedo con esto.  Pesa tanto que no puedo.",[],['razonamiento emocional'],,['razonamiento emocional'],2.0,
d_14,constantemente estoy haciendo las cosas mal,['Sobregeneralización'],['pensamiento absolutista'],,['sobregeneralización'],1.0,
t_129,Es insoportable la gente que habla en el cine,[],"['catastrofismo', 'sobregeneralización']",,['catastrofismo'],2.0,
d_117,me va a ir mal con mi pareja,['Adivinación'],['adivinación'],,['adivinación'],2.0,
d_196,"Hemos ido de vacaciones y no ha parado de llover, es mi culpa debería haberlo comprobado antes.","['Personalización', 'Imperativos']",['imperativos'],,['personalización'],1.0,
d_170,"Esta persona me da mala espina, seguro que quiere hacerme daño","['Razonamiento emocional', 'Leer la mente']","['razonamiento emocional', 'adivinación']",,"['razonamiento emocional', 'abstracción selectiva', 'adivinación']",2.0,
t_163,"Si me siento soy incompetente, tengo que trabajar de pie!",[],"['abstracción selectiva', 'etiquetado']",,['razonamiento emocional'],1.0,
d_136,"Si me deja mi mujer, será horrible, el fin, me moriré",['Catastrofismo'],"['adivinación', 'catastrofismo']",,['catastrofismo'],2.0,
d_57,tengo que trabajar más,['Imperativos'],['imperativos'],,,1.0,
t_105,"si no estudio, me sentiré inseguro",[],['adivinación'],,,1.0,
d_105,"sé que no voy a aprobar el examen, aunque haya estudiado mucho",['Adivinación'],['adivinación'],,['adivinación'],2.0,
t_132,Será algo duro y difícil,[],['adivinación'],,"['etiquetado', 'adivinación']",2.0,
t_100,Si soy feliz por cómo estoy aprendiendo a bailar me volveré una volveré bailarina profesional,[],['adivinación'],,,1.0,
d_35,estoy seguro de que no le caigo bien aunque me diga que sí,['Leer la mente'],['leer la mente'],,"['adivinación', 'leer la mente']",2.0,
d_146,Mi madre está jugando con mi hermana pequeña. Creo que mi madre quiere más a mi hermana que a mí.,['Abstracción selectiva'],"['abstracción selectiva', 'personalización']",,['abstracción selectiva'],2.0,
d_75,"he tenido problemas con mi antiguo jefe, es una mala persona",['Etiquetado'],['abstracción selectiva'],,"['razonamiento emocional', 'abstracción selectiva']",2.0,
t_199,Mis padres estan hablando de mi en otra habitación,[],['leer la mente'],,,1.0,
d_63,Mi tío es estúpido,['Etiquetado'],['etiquetado'],,['etiquetado'],2.0,
t_188,Seguro que no es mi culpa que ya no me hable más,[],[],,,,Yes
d_130,"Si mañana no me sale bien el examen será horroroso, yo me muero",['Catastrofismo'],"['adivinación', 'catastrofismo']",,['catastrofismo'],2.0,
a_87,"Lo importante es hacer bien mi trabajo y cumplir con los objetivos, si es así no habrá ningun problema",[],[],['pensamiento absolutista'],"['adivinación', 'personalización', 'abstracción selectiva']",1.0,
d_158,"Tuve una cita con un chico y, pese a que lo pasamos bien, me molestó que llegase tarde. Quizás no le intereso tanto",['Abstracción selectiva'],[],['abstracción selectiva'],"['catastrofismo', 'abstracción selectiva']",2.0,
t_95,O descanso o luego no rindo en el gimnasio ni puedo hacer los movimientos perfectos,[],[],['pensamiento absolutista'],['pensamiento absolutista'],2.0,
t_177,"Siento que no soy bueno en mi trabajo, si ellos lo pensaran ya me habrían despedido",[],[],,[],,Yes
t_152,"Me comentaron que la comida tenía mucha sal, por lo que debo ser un tío muy salado.",[],['abstracción selectiva'],,"['etiquetado', 'abstracción selectiva']",2.0,
t_131,"Si suspendo el examen de la próxima semana me bajará mucho la nota media, que horro!",[],[],,['catastrofismo'],1.0,
a_56,Si me implico en trabajo no tengo porque tener ningun problema,[],[],['adivinación'],"['sobregeneralización', 'abstracción selectiva', 'adivinación']",2.0,
a_131,"(Después de esto) Me costará recuperarme, pero saldré adelante",[],[],,['adivinación'],1.0,
a_105,Si vas bien preparado no hay motivo para suspender,[],[],['abstracción selectiva'],['sobregeneralización'],1.0,
t_192,"No me han llamado aún mis amigos, seguro que lo haran pronto",[],[],,['adivinación'],1.0,
a_13,"Me cuesta sacar fuerzas para conseguir lo que quiero, pero tengo claro que necesito hacerlo. ",[],[],,[],,Yes
t_173,Si me siento un perdedor es porque el examen de hoy me ha ido mal,[],['razonamiento emocional'],['razonamiento emocional'],['abstracción selectiva'],2.0,
t_194,A la gente le gusta hablar bien de mi,[],[],,['leer la mente'],1.0,
a_118,sin hacerlo no puedo saber cuál será el resultado,[],[],,[],,Yes
t_157,"La erupción del volcan destruyó muchas viviendas, ha sido un desastre para la población",[],[],,"['sobregeneralización', 'abstracción selectiva']",1.0,
a_38,Quiero mucho a mis amigos y a veces pienso que ellos a mi no tanto,[],[],['abstracción selectiva'],['leer la mente'],1.0,
a_170,"Esta persona me da mala espina, pero no  tengo motivos para pensar que quiere hacerme daño",[],[],,[],,Yes
a_34,Como me ayuda supongo que soy una persona importante para ella,[],[],,"['abstracción selectiva', 'etiquetado']",1.0,
a_152,No sacar todo sobresalientes no me convierte en un desastre. ,[],[],,,,Yes
t_6,Nunca he ido a italia,[],[],,,,Yes
a_29,Me trata bien aunque a veces me hace pensar que me odia,[],[],,[],,Yes
a_32,Creo que me odia,[],[],,['leer la mente'],1.0,
d_187,"Mis padres están teniendo una discusión en otro cuarto. Cuando pronuncian mi nombre, piesno que se están discutiendo por mi culpa.",['Personalización'],"['sobregeneralización', 'personalización']",,"['personalización', 'abstracción selectiva']",2.0,
t_182,"He estudiado mucho, no merecía suspender",[],[],,['abstracción selectiva'],1.0,
d_47,Debo sacar como sea adelante el curso.,['Imperativos'],['imperativos'],,['imperativos'],2.0,
d_143,"Pude haber disfrutado de la excursión a no ser por el pollo, que estaba quemado.",['Abstracción selectiva'],"['abstracción selectiva', 'catastrofismo']",,['abstracción selectiva'],2.0,
t_99,O me esfuerzo mucho en conseguir lo que quiero o me resutará bastante difícil ,[],[],['pensamiento absolutista'],,1.0,
a_93,"Es importante que nos impliquemos en el trabajo y seamos resonsables, si cumplo con lo acordado todo estará bien",[],[],['adivinación'],,1.0,
d_46,Tengo que ser más responsable y planifica mejor las semanas,['Imperativos'],['imperativos'],['imperativos'],,2.0,
a_78,"Les expliqué mi problema y esperaba otra cosa de ellos, me han fallado esta vez.",[],,[],,,Yes
