,text,pre_annotation,xavi,miriam,mireia,agreement
a_133,"Me he equivocado en el nombre de un informe, seguramente mi jefa me dirá que me he de fijar más en estos detalles",['no distorsión'],['no distorsión'],['distorsión'],['no distorsión'],3
t_198,Todo el mundo se pone nervioso,['no distorsión'],['distorsión'],['distorsión'],['distorsión'],3
d_159,"Fue simpático y agradable conmigo durante la cita. No obstante, lo ví mirar el reloj 2 veces. Seguro que soy una persona aburrida",['distorsión'],['distorsión'],['distorsión'],['distorsión'],4
d_135,"He engordado 4 kgs, esto es tremendo, inaceptable, no valgo para nada",['distorsión'],['distorsión'],['distorsión'],['distorsión'],4
a_80,Esta vez mi amiga no ha tenido en cuenta lo que yo necesitaba,['no distorsión'],['no distorsión'],['no distorsión'],['no distorsión'],4
t_7,Me gusta comer de todo,['no distorsión'],['no distorsión'],['no distorsión'],['no distorsión'],4
t_117,me sentiré mejor en algún momento,['no distorsión'],['no distorsión'],['no distorsión'],['no distorsión'],4
t_191,"Me han ascendido en el trabajo, será que lo he hecho bien",['no distorsión'],['no distorsión'],['no distorsión'],['no distorsión'],4
d_194,Cuando mis padres se divorciaron estuve seguro que fue por mi culpa,['distorsión'],['distorsión'],['distorsión'],['distorsión'],4
t_59,Tengo que hacer la comida,['no distorsión'],['no distorsión'],['distorsión'],['no distorsión'],3
a_115,si estudio es menos probable que me quede en blanco en el examen.,['no distorsión'],['no distorsión'],['no distorsión'],['no distorsión'],4
d_65,no soy inteligente,['distorsión'],['distorsión'],['distorsión'],['no distorsión'],3
t_116,voy a suspender como no entregue los trabajos,['no distorsión'],['no distorsión'],['no distorsión'],['no distorsión'],4
t_26,Se que mi hermana es muy amable y que tiene muchos amigos ,['no distorsión'],['no distorsión'],['no distorsión'],['no distorsión'],4
a_149,"Quizás no cometí tantos errores, pues la mayoría me felicitó",['no distorsión'],['no distorsión'],['no distorsión'],['no distorsión'],4
d_62,no soy guapo,['distorsión'],['distorsión'],['distorsión'],['no distorsión'],3
t_160,Me he portado mal en clase por lo que me han castigado,['no distorsión'],['no distorsión'],['no distorsión'],['no distorsión'],4
a_48,Me gustaria que la gente fuese más amable conmigo,['no distorsión'],['no distorsión'],['no distorsión'],['no distorsión'],4
d_54,tengo que esforzarme más,['distorsión'],['distorsión'],['distorsión'],['no distorsión'],3
d_199,En el trabajo tenía la impresión de que cada vez que el encargado hablaba de que había que mejorar la calidad del trabajo se referían exclusivamente a mi,['distorsión'],['distorsión'],['no distorsión'],['no distorsión'],2
t_55,Tengo que estudiar para el examen,['no distorsión'],['no distorsión'],['distorsión'],['no distorsión'],3
a_165,"Me siento solo, pero puedo encontrar buenos amigos",['no distorsión'],['no distorsión'],['no distorsión'],['no distorsión'],4
d_38,estoy convencido de que no me quieren tanto como yo a ellos,['distorsión'],['distorsión'],['distorsión'],['distorsión'],4
d_100,si no estoy delgado no soy feliz,['distorsión'],['distorsión'],['distorsión'],['distorsión'],4
d_51,debería volver a considerar otras opciones,['distorsión'],['no distorsión'],['distorsión'],['no distorsión'],2
d_168,"Me siento deprimido, la vida no tiene sentido.",['distorsión'],['no distorsión'],['distorsión'],['distorsión'],3
d_106,"aunque ahora mismo estoy bien, estoy convencida de que va a pasar algo malo",['distorsión'],['distorsión'],['distorsión'],['distorsión'],4
d_166,"Siento que no puedo con esto, por tanto, no puedo.",['distorsión'],['distorsión'],['distorsión'],['distorsión'],4
t_125,Lo que me ha pasado es muy desagradable,['no distorsión'],['no distorsión'],['no distorsión'],['no distorsión'],4
t_57,"Debo ir a comprar, no queda comida en casa",['no distorsión'],['no distorsión'],['no distorsión'],['no distorsión'],4
t_153,"No he suspendido ninguna, por lo que me podré ir de vacaciones",['no distorsión'],['no distorsión'],['no distorsión'],['no distorsión'],4
t_159,Hoy hubiesemos escalado una gran montaña si no fuera porque ha hecho mal tiempo.,['no distorsión'],['no distorsión'],['no distorsión'],['no distorsión'],4
t_24,no hay nada seguro en esta vida,['no distorsión'],['no distorsión'],['distorsión'],['no distorsión'],3
d_74,es que soy imbecil no tengo remedio,['distorsión'],['distorsión'],['distorsión'],['distorsión'],4
t_144,"La mayoría votó a favor, por lo que estoy contento. ",['no distorsión'],['no distorsión'],['no distorsión'],['no distorsión'],4
a_163,"Ahora me siento mala persona, pero es probable que esta sensación cambie",['no distorsión'],['no distorsión'],['no distorsión'],['no distorsión'],4
t_52,"Mi padre tiene que jubilarse, ya tiene 65 años",['no distorsión'],['distorsión'],['distorsión'],['distorsión'],3
a_159,Quizás miró el reloj por algo ajeno y no por considerarte alguien aburrido ,['no distorsión'],['no distorsión'],['no distorsión'],['no distorsión'],4
d_84,"Si no estás conmigo, estás contra mí",['distorsión'],['distorsión'],['distorsión'],['distorsión'],4
d_92,o apruebo el examen o no tendré futuro,['distorsión'],['distorsión'],['distorsión'],['distorsión'],4
a_81,"No siempre me podrá ayudar, algunas veces tendrá cosas que hacer que también serán importantes ",['no distorsión'],['no distorsión'],['no distorsión'],['no distorsión'],4
d_149,En el trabajo me felicitaron todos excepto mi jefe. Seguro que cometí muchos errores en el proyecto,['distorsión'],['distorsión'],['distorsión'],['distorsión'],4
a_101,"Otras veces has ido y te has sentido bien, esta vez puede ser igual",['no distorsión'],['no distorsión'],['no distorsión'],['no distorsión'],4
t_156,La noche fue horrible porque nos atracaron en el portal,['no distorsión'],['no distorsión'],['distorsión'],['no distorsión'],3
a_128,"A veces estoy incómodo en algunas fiestas, pero luego me lo paso bien",['no distorsión'],['no distorsión'],['no distorsión'],['no distorsión'],4
t_135,No será tan terrible,['no distorsión'],['no distorsión'],['no distorsión'],['no distorsión'],4
t_164,"Si no tengo a mis amigos de verdad, me siento solo",['no distorsión'],['no distorsión'],['distorsión'],['no distorsión'],3
a_98,"Es normal que a veces no nos sintamos bien, forma parte de la evolución de la vida",['no distorsión'],['no distorsión'],['no distorsión'],['no distorsión'],4
a_54,Puedo esforzarme más si quiero conseguir mejores resultados,['no distorsión'],['no distorsión'],['no distorsión'],['no distorsión'],4
d_197,"Le ha tocado la lotería a todos los del trabajo, yo no compré el boleto, debería haberlo pensado. ",['distorsión'],['no distorsión'],['no distorsión'],['no distorsión'],3
t_102,"cuando salte al escenario, me sentiré diferente",['no distorsión'],['no distorsión'],['distorsión'],['distorsión'],2
a_7,"Muchos días me encuentro mal, aunque algunos me encuentro bien",['no distorsión'],['no distorsión'],['no distorsión'],['no distorsión'],4
a_100,Me sentiria mejor conmigo mismo si estubiera más delgado,['no distorsión'],['distorsión'],['no distorsión'],['no distorsión'],3
a_95,Hay otras formas que nos ayudan a no engordar si no siempre podemos hacer ejercicio,['no distorsión'],['no distorsión'],['no distorsión'],['no distorsión'],4
a_197,A veces ocurren situaciones que no podemos predecir,['no distorsión'],['no distorsión'],['no distorsión'],['no distorsión'],4
d_198,"Marta tiene mala cara, debe de estar enfadada conmigo",['distorsión'],['distorsión'],['distorsión'],['distorsión'],4
a_85,Las cosas estan bien aunque no sean perfectas,['no distorsión'],['no distorsión'],['no distorsión'],['no distorsión'],4
a_138,"Puede que me diagnostiquen un cáncer, entonces tendré que ver qué puedo hacer, qué pronóstico y tratamientos existen",['no distorsión'],['distorsión'],['no distorsión'],['no distorsión'],3
d_150,Me prepararon una fiesta sorpresa pero fue empezar a llover y fastidiarse todo,['distorsión'],['no distorsión'],['distorsión'],['distorsión'],3
t_20,Las cosas nunca salen iguales,['no distorsión'],['no distorsión'],['distorsión'],['distorsión'],2
a_84,"Puede que no siempre estemos de acuerdo con el resto de gente, cada uno tenemos nuestras ideeas y creencia, pero esto no nos situa en posiciones opuestas, podemos entendernos ",['no distorsión'],['no distorsión'],['no distorsión'],['no distorsión'],4
t_158,"Mi padre prefiere el rojo, pero a veces se viste de azul. Quizás no tiene claros sus gustos",['no distorsión'],['distorsión'],['no distorsión'],['no distorsión'],3
t_162,Puedo ser mala persona si siento que debo serlo,['no distorsión'],['no distorsión'],['distorsión'],['distorsión'],2
d_192,"Algo va mal, seguro que he sido yo.",['distorsión'],['distorsión'],['distorsión'],['distorsión'],4
d_141," He perdido el paraguas, soy un desastre ",['distorsión'],['distorsión'],['distorsión'],['distorsión'],4
a_43,La casa esta sucia podria dedicar una tarde a limpiarla,['no distorsión'],['no distorsión'],['no distorsión'],['no distorsión'],4
a_76,"Puede que hoy me haya equivocado, pero otras veces suelo tener una respuesta inteligente",['no distorsión'],['no distorsión'],['no distorsión'],['no distorsión'],4
t_48,Tengo muchos animales en casa,['no distorsión'],['no distorsión'],['no distorsión'],['no distorsión'],4
d_60,Debo hablar mejor a la gente o me voy a quedar solo,['distorsión'],['distorsión'],['distorsión'],['distorsión'],4
d_37,sé que me odian,['distorsión'],['distorsión'],['distorsión'],['distorsión'],4
a_140,"Será caro, pero podré hacerle frente",['no distorsión'],['no distorsión'],['no distorsión'],['no distorsión'],4
a_12,"A menudo tengo probelmas, todos tenemos problemas a veces",['no distorsión'],['no distorsión'],['no distorsión'],['no distorsión'],4
t_146,Mis padres están discutiendo y esto es algo desagradable,['no distorsión'],['no distorsión'],['no distorsión'],['no distorsión'],4
a_70,"Mi amiga me ha dicho ciertas cosas que no comparto y esto me ha hecho enfadar, a veces no nos ponemos de auerdo",['no distorsión'],['no distorsión'],['no distorsión'],['no distorsión'],4
a_103,"Te has preparado bien, no hay motivos para pensar que saldrá mal",['no distorsión'],['no distorsión'],['no distorsión'],['no distorsión'],4
a_92,"Este examen es importante, aunque el futuro es mucho más",['no distorsión'],[],['distorsión'],['distorsión'],2
t_115,sé que no mejoraré si no pongo de mi parte,['no distorsión'],['no distorsión'],['distorsión'],['no distorsión'],3
a_122,"Aunque falles, la mayoria de cosas se pueden reparar y buscar una buena alternativa",['no distorsión'],['no distorsión'],['no distorsión'],['no distorsión'],4
t_88,o consigo acabar esto ahora o no podré entregarlo,['no distorsión'],['no distorsión'],['no distorsión'],['no distorsión'],4
d_120,"me gustaría quedar con él, pero estoy convencido de que no querrá",['distorsión'],['distorsión'],['distorsión'],['distorsión'],4
a_169,"Puede que algo te de miedo, pero el miedo no siempre concuerda con un peligro real",['no distorsión'],['no distorsión'],['no distorsión'],['no distorsión'],4
d_151,"La cena que preparé le gusto a todos. Sin embargo, comentaron que las patatas estaban algo saladas. Eso quiere decir que no disfrutaron de la cena",['distorsión'],['distorsión'],['distorsión'],['distorsión'],4
t_65,¡qué guapa que eres!,['no distorsión'],['no distorsión'],['no distorsión'],['no distorsión'],4
t_72,"este vestido es horrible, nunca me lo compraria",['no distorsión'],['no distorsión'],['distorsión'],['distorsión'],2
a_55,Puedo pedirle a mi pareja que sea más cariñosa conmigo,['no distorsión'],['no distorsión'],['no distorsión'],['no distorsión'],4
d_93,si no soy el mejor en mi trabajo entonces me despedirán,['distorsión'],['distorsión'],['distorsión'],['distorsión'],4
d_178,Si me da ansiedad al estar entre tantas personas es porque es peligroso,['distorsión'],['distorsión'],['distorsión'],['distorsión'],4
a_181,No puedes saber de que se está riendo María si no se lo preguntas,['no distorsión'],['no distorsión'],['no distorsión'],['no distorsión'],4
d_142,Los problemas de mi hijo con la escuela son consecuencia de mi fracaso como madre.,['distorsión'],['distorsión'],['distorsión'],['distorsión'],4
a_10,A veces hay personas que no me quieren tanto como yo querria,['no distorsión'],['no distorsión'],['no distorsión'],['no distorsión'],4
a_11,"Me cuesta sentirme querida, esto no siginifca que nadie me quiera",['no distorsión'],['no distorsión'],['no distorsión'],['no distorsión'],4
a_66,"Muchas veces nos fijamos solo en los errores, seguro que puedes buscar momentos en los que te hayas sentido inteligente",['no distorsión'],['no distorsión'],['no distorsión'],['no distorsión'],4
a_195,Si han bajado las ventas en el trabajo es debido a muchos factores a parte del tuyo,['no distorsión'],['no distorsión'],['no distorsión'],['no distorsión'],4
d_193,"Mi pareja ha llegado a casa disgustada, seguro que he hecho algo mal.",['distorsión'],['distorsión'],['distorsión'],['distorsión'],4
a_162,"Estás triste, puede que la situación sea mala",['no distorsión'],['distorsión'],['no distorsión'],['no distorsión'],3
a_27,Tengo la sensación que yo quiero más a la gente de lo que me quieren,['no distorsión'],['no distorsión'],['no distorsión'],['no distorsión'],4
d_126,"Esta llegando tarde, seguro que el tren ha tenido un accidente",['distorsión'],['distorsión'],['distorsión'],['distorsión'],4
t_177,"Siento que no soy bueno en mi trabajo, si ellos lo pensaran ya me habrían despedido",['no distorsión'],['no distorsión'],['no distorsión'],['distorsión'],3
t_9,Todo lo que me dijo tenía sentido,['no distorsión'],['no distorsión'],['distorsión'],['distorsión'],2
t_29,Estoy convencido de la decisión que acabo de tomar.,['no distorsión'],['no distorsión'],['no distorsión'],['no distorsión'],4
d_109,El examen de mañana seguro que me va a ir mal,['distorsión'],['distorsión'],['distorsión'],['distorsión'],4
a_102,No podemos saber si les va a gustar antes de enseñarlo,['no distorsión'],['no distorsión'],['no distorsión'],['no distorsión'],4
d_8,todo lo que hago está mal,['distorsión'],['distorsión'],['distorsión'],['distorsión'],4
t_23,ándate con cuidado con los papeles del seguro del coche.,['no distorsión'],['no distorsión'],['no distorsión'],['no distorsión'],4
t_110,voy a pasar momentos complicados en mi vida,['no distorsión'],['no distorsión'],['no distorsión'],['no distorsión'],4
d_48,Deberían ser más amables conmigo,['distorsión'],['distorsión'],['distorsión'],['distorsión'],4
a_142,"Es normal que mi hijo tenga algunos problemas a lo largo de su vida, esto no me define a mi como madre, lo importante es que está a su lado para apoyarlo",['no distorsión'],['no distorsión'],['no distorsión'],['no distorsión'],4
d_123,"Es mejor que no lo intente, porque fracasaré y será horrible.",['distorsión'],['distorsión'],['distorsión'],['distorsión'],4
t_11,Me gustan todos los tipos de música,['no distorsión'],['no distorsión'],['distorsión'],['no distorsión'],3
t_73,la música del bar es inaguantable mejor buscamos un sitio más tranquilo,['no distorsión'],['no distorsión'],['distorsión'],['no distorsión'],3
t_174,Siento que nadie me comprende. Este bicho es muy raro,['no distorsión'],['no distorsión'],['distorsión'],['no distorsión'],3
t_193,"Me estaba mirando fijamente a los ojos, seguro que piensa que son bonitos",['no distorsión'],['distorsión'],['distorsión'],['distorsión'],3
d_98,si no estoy siempre bien me agobio mucho,['distorsión'],['distorsión'],['distorsión'],['distorsión'],4
d_200,"Cuando escuchaba a mi marido quejarse de lo aburrido del fin de semana, pensaba; seguro que piensa que soy aburrida",['distorsión'],['distorsión'],['distorsión'],['distorsión'],4
a_87,"Lo importante es hacer bien mi trabajo y cumplir con los objetivos, si es así no habrá ningun problema",['no distorsión'],['distorsión'],['no distorsión'],['distorsión'],2
t_97,O encuentro una pareja de baile o las clases que he hecho no servirán para bailar sola,['no distorsión'],['distorsión'],['distorsión'],['distorsión'],3
d_158,"Tuve una cita con un chico y, pese a que lo pasamos bien, me molestó que llegase tarde. Quizás no le intereso tanto",['distorsión'],['distorsión'],['no distorsión'],['distorsión'],3
a_25,Creo que no me quiere ,['no distorsión'],['distorsión'],['distorsión'],['no distorsión'],2
t_180,Hoy me siento triste,['no distorsión'],['no distorsión'],['no distorsión'],['no distorsión'],4
d_121,No podría haber ido peor,['distorsión'],['distorsión'],['distorsión'],['distorsión'],4
a_71,"A veces me equivoco, pero muchas otras hago las cosas bien",['no distorsión'],['no distorsión'],['no distorsión'],['no distorsión'],4
a_194,"Un divorcio se produce por un monton de causas, tu no has hecho nada mal para atribuirte esa culpa",['no distorsión'],['no distorsión'],['no distorsión'],['no distorsión'],4
t_62,los cálculos que nos han proporcionado son catastróficos,['no distorsión'],['no distorsión'],['distorsión'],['no distorsión'],3
a_58,Puedo decir a mi familia que me gustaria que fuesen más amables conmigo,['no distorsión'],['no distorsión'],['no distorsión'],['no distorsión'],4
a_60,Me iria bien trabajar mi asertividad para mejorar mis relaciones con las personas,['no distorsión'],['no distorsión'],['no distorsión'],['no distorsión'],4
d_128,"No voy a la fiesta porque me da terror que me rechacen, eso es lo peor, no lo podría aguantar ",['distorsión'],['distorsión'],['distorsión'],['distorsión'],4
a_14,"Algunas veces me equivoco, esto no quier decir que lo haga todo mal",['no distorsión'],['no distorsión'],['no distorsión'],['no distorsión'],4
d_24,Yo no le gusto a ella.,['distorsión'],['distorsión'],['distorsión'],['no distorsión'],3
t_5,Siempre me han gustado las matemáticas ,['no distorsión'],['no distorsión'],['distorsión'],['no distorsión'],3
a_79,"He intentado arreglar mi ordenador y en lugar de esto lo he estropeado más, mejor lo llevaré a reparar.",['no distorsión'],['no distorsión'],['no distorsión'],['no distorsión'],4
t_114,me sentiré mal si actúo en contra de mis valores,['no distorsión'],['no distorsión'],['distorsión'],['no distorsión'],3
d_59,"Debería hacer las cosas con más antelación, luego me pongo nervioso",['distorsión'],['no distorsión'],['distorsión'],['no distorsión'],2
d_25,"Siempre está sonriendo, pero sé que no me quiere.",['distorsión'],['distorsión'],['distorsión'],['distorsión'],4
d_30,Seguro que piensan que no me implico lo suficiente ,['distorsión'],['distorsión'],['distorsión'],['distorsión'],4
t_81,o vienes o te vas,['no distorsión'],['distorsión'],['distorsión'],['no distorsión'],2
t_111,sé que no será todo perfecto siempre,['no distorsión'],['no distorsión'],['distorsión'],['no distorsión'],3
a_4,Hay personas con una actitud que me desagrada,['no distorsión'],['no distorsión'],['no distorsión'],['no distorsión'],4
t_4,todo lo relacionado con la política me disgusta,['no distorsión'],['no distorsión'],['distorsión'],['distorsión'],2
a_186,"Aunque haya pasado alguna vez, no puede ser que pase con todo el mundo",['no distorsión'],['no distorsión'],['no distorsión'],['no distorsión'],4
a_63,"He fallado en el encargo que tenia del trabajo y ahora me siento mal, la proxima vez intentaré hacerlo mejor",['no distorsión'],['no distorsión'],['no distorsión'],['no distorsión'],4
t_175, Hoy me siento un poco decaído,['no distorsión'],['no distorsión'],['no distorsión'],['no distorsión'],4
t_151,"Por fin ha llegado el verano, que contenta estoy!",['no distorsión'],['no distorsión'],['no distorsión'],['no distorsión'],4
a_137,"Mi hijo no me ha llamado para decirme que ha llegado, seguro que ha encontrado caravana y/o le está costando aparcar",['no distorsión'],['no distorsión'],['distorsión'],['distorsión'],2
t_95,O descanso o luego no rindo en el gimnasio ni puedo hacer los movimientos perfectos,['no distorsión'],['distorsión'],['no distorsión'],['distorsión'],2
a_61,Actualmente cuando me miro al espejo no me veo bien,['no distorsión'],['no distorsión'],['no distorsión'],['no distorsión'],4
a_130,"Si suspendo el examen de mañana me enfadaré después de todo lo que he estudiado, pero me servirá de base para el próximo",['no distorsión'],['no distorsión'],['no distorsión'],['no distorsión'],4
t_152,"Me comentaron que la comida tenía mucha sal, por lo que debo ser un tío muy salado.",['no distorsión'],['no distorsión'],['no distorsión'],['distorsión'],3
a_184,"No tienes pruebas para saber si se han aburrido o no, aunque hubiese sido asi no tiene ninguna asociacion con que seas un pesado",['no distorsión'],['no distorsión'],['no distorsión'],['no distorsión'],4
d_176,"Me siento triste, por lo que debería hacer cambios en mi vida",['distorsión'],['distorsión'],['distorsión'],['no distorsión'],3
t_83,"a veces tengo el dilema de,  o me quedo en casa o salgo",['no distorsión'],['no distorsión'],['no distorsión'],['no distorsión'],4
t_36,Mi hermana no piensa; actúa impulsivamente.,['no distorsión'],['distorsión'],['distorsión'],['distorsión'],3
d_190,"Mis amigos no me han llamado para quedar ultimamente, seguro que es porque ya no quieren seguir viéndome.",['distorsión'],['distorsión'],['distorsión'],['distorsión'],4
a_198,"Que Marta tenga mala cara, puede ser por muchas razones",['no distorsión'],['no distorsión'],['no distorsión'],['no distorsión'],4
a_135,"He cogido algo de peso, tengo que empezar a cuidar mi alimentación un poco más. ",['no distorsión'],['no distorsión'],['no distorsión'],['no distorsión'],4
d_90,Si no hago ejercicio engordaré,['distorsión'],['no distorsión'],['distorsión'],['no distorsión'],2
t_181,Yo no tengo la culpa,['no distorsión'],['no distorsión'],['no distorsión'],['no distorsión'],4
a_18,A veces me equivoco pero esto no significa que siempre me salgan las cosas mal,['no distorsión'],['no distorsión'],['no distorsión'],['no distorsión'],4
d_185,Sé que se están riendo de mí,['distorsión'],['distorsión'],['distorsión'],['distorsión'],4
d_183,¡Todo es por mi culpa!,['distorsión'],['distorsión'],['distorsión'],['distorsión'],4
d_164,"Me siento incompetente, luego soy incompetente.",['distorsión'],['distorsión'],['distorsión'],['distorsión'],4
d_107,estoy segura de que me voy a equivocar por mucho que me prepare,['distorsión'],['distorsión'],['distorsión'],['distorsión'],4
a_150,"Que lloviera no era lo esperado, pero seguro que hay muchos otros momentos buenos de la fiesta que puedas recordar",['no distorsión'],['no distorsión'],['no distorsión'],['no distorsión'],4
a_168,"Es difícil encontrar el sentido en la vida cuando estás mal, pero todo puede mejorar",['no distorsión'],['no distorsión'],['no distorsión'],['no distorsión'],4
d_160,"Mi entrenador me felicitó por mi rendimiento, pero me sustituyó a la media parte. Sé que en el fondo no cuenta conmigo.",['distorsión'],['distorsión'],['distorsión'],['distorsión'],4
t_127,"Mañana tengo un examen muy difícil e importante, el resultado afectará a mi expediente",['no distorsión'],['no distorsión'],['no distorsión'],['no distorsión'],4
t_61,"¡perfecto, vamos a ello!",['no distorsión'],['no distorsión'],['no distorsión'],['no distorsión'],4
a_107,"Antes de enseñarlo es dificil saber que va a pensar otra gente, es mejor enseñarlo",['no distorsión'],['no distorsión'],['no distorsión'],['no distorsión'],4
d_102,estoy segura de que no les va a gustar.,['distorsión'],['distorsión'],['distorsión'],['distorsión'],4
d_96,siento que si no lo hago perfecto no es suficiente,['distorsión'],['distorsión'],['distorsión'],['distorsión'],4
d_154,"Según mis amigos, tengo buen fondo. No obstante, me dicen que debería tener más tacto. Soy un mal amigo",['distorsión'],['distorsión'],['distorsión'],['distorsión'],4
t_149,"Se ha ido la luz, así que voy a tener que encender unas velas",['no distorsión'],['no distorsión'],['no distorsión'],['no distorsión'],4
t_131,"Si suspendo el examen de la próxima semana me bajará mucho la nota media, que horro!",['no distorsión'],['no distorsión'],['no distorsión'],['distorsión'],3
t_128,"Equivocarse en el nombre de un informe en la empresa, será un error grave",['no distorsión'],['no distorsión'],['distorsión'],['no distorsión'],3
d_61,soy imbecil,['distorsión'],['distorsión'],['distorsión'],['distorsión'],4
a_153,Que en ocasiones tu hijo se enfade contigo no significa que no te quiere,['no distorsión'],['no distorsión'],['no distorsión'],['no distorsión'],4
t_46,Tengo que comprar algo para comer,['no distorsión'],['no distorsión'],['distorsión'],['no distorsión'],3
a_124,"No podemos saber como irá, a vecesa algunas cosas salen mal pero podemos hacer algo para que mejoren",['no distorsión'],['no distorsión'],['no distorsión'],['no distorsión'],4
t_138,Lo peor de trabajar mucho es que no te guste lo que haces,['no distorsión'],['no distorsión'],['distorsión'],['distorsión'],2
d_140,"Es la ruina, el coche no arranca",['distorsión'],['no distorsión'],['distorsión'],['distorsión'],3
d_97,o está perfecto o no lo quiero,['distorsión'],['distorsión'],['distorsión'],['distorsión'],4
t_122,Me sabe fatal que no llegaras a tiempo,['no distorsión'],['no distorsión'],['distorsión'],['no distorsión'],3
t_12,Nunca tomo el sol sin protección ,['no distorsión'],['no distorsión'],['distorsión'],['no distorsión'],3
a_77,"Se ha vuelto a equivocar, le puedo dar otra oportunidad",['no distorsión'],['no distorsión'],['no distorsión'],['no distorsión'],4
a_49,Si estudio ahora iré más preparado al examen,['no distorsión'],['no distorsión'],['no distorsión'],['no distorsión'],4
a_26,"Pienso que la gente me odia, pero realmente no sé si es verdad",['no distorsión'],['no distorsión'],['no distorsión'],['no distorsión'],4
d_2,Nunca cumple con su palabra… es que siempre hace igual,['distorsión'],['distorsión'],['distorsión'],['distorsión'],4
a_35,"Si me dice que si, lo más probable es que le caiga bien",['no distorsión'],['no distorsión'],['no distorsión'],['no distorsión'],4
d_4,Todo el mundo tiene la misma actitud.,['distorsión'],['distorsión'],['distorsión'],['distorsión'],4
t_139,"Esta situación me está costando mucho de aguantar, será largo",['no distorsión'],['no distorsión'],['no distorsión'],['no distorsión'],4
t_14,Cada día como pan,['no distorsión'],['no distorsión'],['no distorsión'],['no distorsión'],4
d_152,He aprobado todas las asignaturas pero no han sido todo sobresalientes. Soy un desastre ,['distorsión'],['distorsión'],['distorsión'],['distorsión'],4
d_127,"Lo que me está pasando es horrible, no lo puedo soportar",['distorsión'],['distorsión'],['distorsión'],['distorsión'],4
t_196,Todo el mundo se me ha quedado mirando,['no distorsión'],['distorsión'],['distorsión'],['no distorsión'],2
t_10,Siempre estoy de buen humor,['no distorsión'],['distorsión'],['distorsión'],['distorsión'],3
a_190,"Hay muchas razones por las que no te hayan llamado tus amigos, no tiene porque ser que ya no te quieren ver",['no distorsión'],['no distorsión'],['no distorsión'],['no distorsión'],4
d_191,"Mi paciente  ha empeorado desde hace unas semanas, debe ser mi culpa, no le ha funcionado el tratamiento.",['distorsión'],['distorsión'],['distorsión'],['distorsión'],4
d_99,sino quedo el primero en la carrera habré perdido,['distorsión'],['distorsión'],['distorsión'],['distorsión'],4
a_62,"Me molesta como se comportan algunas personas a veces, pero no todos podemos estar siempre de acuerdo",['no distorsión'],['no distorsión'],['no distorsión'],['no distorsión'],4
d_21,"Simplemente lo sé, estoy convencida. Piensa que soy lo peor.",['distorsión'],['distorsión'],['distorsión'],['distorsión'],4
d_144,"La máquina de lavar se ha parado. Siempre sucede lo mismo. No lo soporto más, ya me ha fastidiado el resto del día.",['distorsión'],['distorsión'],['distorsión'],['distorsión'],4
a_164,"Me siento incompetente ahora mismo, esto no implica que lo sea",['no distorsión'],['no distorsión'],['no distorsión'],['no distorsión'],4
t_118,no voy a gustarle a todo el mundo,['no distorsión'],['no distorsión'],['no distorsión'],['no distorsión'],4
a_125,La reunion no ha salido como esperaba,['no distorsión'],['no distorsión'],['no distorsión'],['no distorsión'],4
a_56,Si me implico en trabajo no tengo porque tener ningun problema,['no distorsión'],['distorsión'],['no distorsión'],['distorsión'],2
t_112,me sentiré extraño al actuar distinto y eso puede ser bueno,['no distorsión'],['no distorsión'],['distorsión'],['no distorsión'],3
t_133,Lo que me ha pasado es duro,['no distorsión'],['no distorsión'],['no distorsión'],['no distorsión'],4
d_95,siempre estamos igual o encontramos la forma de entendernos o yo me voy de casa,['distorsión'],['distorsión'],['distorsión'],['distorsión'],4
d_53,he engordado ultimamente y tengo que adelgazar,['distorsión'],['distorsión'],['distorsión'],['no distorsión'],3
d_177,Si me enfado es porque me ha hecho algo malo,['distorsión'],['distorsión'],['distorsión'],['no distorsión'],3
t_141,Soy un ser humano maravilloso porque siempre escucho a los demás,['no distorsión'],['distorsión'],['distorsión'],['distorsión'],3
t_126,En fiestas con gente desconocida lo paso muy mal,['no distorsión'],['no distorsión'],['no distorsión'],['no distorsión'],4
t_38,"Sé que si no ceno, por la noche tendré hambre.",['no distorsión'],['no distorsión'],['distorsión'],['no distorsión'],3
t_189,"El proyecto ha ido genial, me han felicitado",['no distorsión'],['no distorsión'],['no distorsión'],['no distorsión'],4
t_3,todos los años pasa algo,['no distorsión'],['no distorsión'],['distorsión'],['no distorsión'],3
a_131,"(Después de esto) Me costará recuperarme, pero saldré adelante",['no distorsión'],['no distorsión'],['no distorsión'],['distorsión'],3
a_187,"Aunque aparezca en la discusión, mis padres se pelean a su voluntad, yo no tengo porque tener nada que ver",['no distorsión'],['no distorsión'],['no distorsión'],['no distorsión'],4
a_105,Si vas bien preparado no hay motivo para suspender,['no distorsión'],['distorsión'],['no distorsión'],['distorsión'],2
a_68,"Aunque me haya equivocado, esto no significa que sea un desastre. Todos nos equivocamos a veces.",['no distorsión'],['no distorsión'],['no distorsión'],['no distorsión'],4
t_192,"No me han llamado aún mis amigos, seguro que lo haran pronto",['no distorsión'],['no distorsión'],['no distorsión'],['distorsión'],3
a_116,"hasta que no le muestre como soy, no puedo saber si le gusto",['no distorsión'],['no distorsión'],['no distorsión'],['no distorsión'],4
t_200,Hay pocas cosas que me hagan reír,['no distorsión'],['no distorsión'],['distorsión'],['no distorsión'],3
a_117,si cuido de mi relación es más fácil superar las dificultades que aparezcan en pareja,['no distorsión'],['no distorsión'],['no distorsión'],['no distorsión'],4
d_58,mi familia tiene que ser más amable conmigo,['distorsión'],['distorsión'],['distorsión'],['distorsión'],4
d_122,Las consecuencias serían insoportables… fracasaría y sería horrible.,['distorsión'],['distorsión'],['distorsión'],['distorsión'],4
t_40,Estoy convencido de que mañana ganaremos el partido,['no distorsión'],['no distorsión'],['distorsión'],['distorsión'],2
a_161,"Aunque sienta miedo a subirme a un avión, es un medio de transporte seguro",['no distorsión'],['no distorsión'],['no distorsión'],['no distorsión'],4
d_72,soy completamente idiota,['distorsión'],['distorsión'],['distorsión'],['distorsión'],4
a_82,"Es importante que las cosas esten limpias, aunque no siempre estaran impolutas y esto también esta bien",['no distorsión'],['no distorsión'],['no distorsión'],['no distorsión'],4
d_153,Mi hijo dice que me quiere pero a veces se enfada conmigo. Quizás no me quiere tanto,['distorsión'],['distorsión'],['distorsión'],['distorsión'],4
d_32,"siempre está sonriendo, pero sé que me odia",['distorsión'],['distorsión'],['distorsión'],['distorsión'],4
t_79,El ruido que hacen las obras es insoportable,['no distorsión'],['distorsión'],['distorsión'],['distorsión'],3
t_178,Siento que mis amigos se estan alejando de mí,['no distorsión'],['no distorsión'],['no distorsión'],['no distorsión'],4
d_124,Todo irá mal,['distorsión'],['distorsión'],['distorsión'],['distorsión'],4
a_45,"Si acabo los temas abiertos de trabajo antes de vacaciones, estaré más tranquilo ",['no distorsión'],['no distorsión'],['distorsión'],['no distorsión'],3
a_185,No tengo pruebas suficientes para demostrar eso,['no distorsión'],['no distorsión'],['no distorsión'],['no distorsión'],4
t_123,"ja ja ja, qué gracioso, ¡eres terrible!",['no distorsión'],['no distorsión'],['distorsión'],['distorsión'],2
d_119,si voy a la fiesta voy a ser el hazmerreir ,['distorsión'],['distorsión'],['distorsión'],['distorsión'],4
a_126,Ha habido más fallos de los que esperaba pero aun así podemos intentar resolverlo,['no distorsión'],['no distorsión'],['no distorsión'],['no distorsión'],4
t_134,Para mí es insoportable estar tranquilo en sitios cerrados,['no distorsión'],['distorsión'],['distorsión'],['distorsión'],3
a_13,"Me cuesta sacar fuerzas para conseguir lo que quiero, pero tengo claro que necesito hacerlo. ",['no distorsión'],['no distorsión'],['no distorsión'],['distorsión'],3
a_188,"Hay muchas causas de porque alguien puede mirar mal en algun momento, no tiene porque ser que le caes mal",['no distorsión'],['no distorsión'],['no distorsión'],['no distorsión'],4
d_129,Es mejor que no lo intente porque seguro que me saldrá mal y será insoportable,['distorsión'],['distorsión'],['distorsión'],['distorsión'],4
d_118,"prefiero no hacerlo, seguro que me sale mal",['distorsión'],['distorsión'],['distorsión'],['distorsión'],4
d_44,debería planificar las vacaciones y buscar con quién dejar a los niños mientras yo no estoy,['distorsión'],['no distorsión'],['distorsión'],['no distorsión'],2
t_47,Deberia avisar de que me voy,['no distorsión'],['no distorsión'],['distorsión'],['no distorsión'],3
a_177,"Es posible que aunque me sienta enfadado, lo que haya hecho no esté mal, solo me ha sentado mal",['no distorsión'],['no distorsión'],['no distorsión'],['no distorsión'],4
d_6,nunca me salen bien las cosas,['distorsión'],['distorsión'],['distorsión'],['distorsión'],4
t_173,Si me siento un perdedor es porque el examen de hoy me ha ido mal,['no distorsión'],['distorsión'],['no distorsión'],['distorsión'],2
a_47,"Es importante para mi sacar este curso, me voy a centrar en ello",['no distorsión'],['no distorsión'],['no distorsión'],['no distorsión'],4
a_28,Si mi pareja me dice que me quiere lo más probable es que sea verdad,['no distorsión'],['no distorsión'],['no distorsión'],['no distorsión'],4
t_18,Siempre pasan cosas,['no distorsión'],['no distorsión'],['distorsión'],['no distorsión'],3
d_147,Mis padres están gritando. Creo que se van a divorciar.,['distorsión'],['distorsión'],['distorsión'],['distorsión'],4
t_80,Me siento inutil leyendo cosas que no entiendo,['no distorsión'],['distorsión'],['distorsión'],['distorsión'],3
t_101,puede que las cosas vayan mal. También pueden ir bien.,['no distorsión'],['no distorsión'],['no distorsión'],['no distorsión'],4
a_104,"Al salir con amigos puedo sentirme mal, pero es una buena forma de intentar estar mejor",['no distorsión'],['no distorsión'],['no distorsión'],['no distorsión'],4
d_81,O me ayuda o no quiero saber nada de esa persona.,['distorsión'],['distorsión'],['distorsión'],['distorsión'],4
d_175,"Me siento mal por haberle dicho la verdad a mi amiga, seguro que he hecho algo malo",['distorsión'],['distorsión'],['distorsión'],['distorsión'],4
d_139,"Si no me quiere será terrible, un horror",['distorsión'],['distorsión'],['distorsión'],['distorsión'],4
t_82,"si no vienes, te lo vas a perder",['no distorsión'],['no distorsión'],['distorsión'],['no distorsión'],3
d_157,"Mi pareja me quiere y apoya en todo. No obstante, la discusión que tuvimos ayer me hizo dudar de sus sentimientos",['distorsión'],['no distorsión'],['no distorsión'],['no distorsión'],3
t_78,"Este sitio es muy oscuro, me gustaria más si pusieran un poco de luz",['no distorsión'],['no distorsión'],['no distorsión'],['no distorsión'],4
d_31,Estoy seguro que mis amigos creen que deberia estar más atenta a sus necesidades y que ultimamente paso de ellos,['distorsión'],['distorsión'],['distorsión'],['distorsión'],4
t_71,mi tio se pone insoportable cuando habla de política,['no distorsión'],['no distorsión'],['no distorsión'],['no distorsión'],4
t_44,a veces tengo que ir correindo para llegar a tiempo,['no distorsión'],['no distorsión'],['no distorsión'],['no distorsión'],4
a_173,"Siento que todo es demasiado complicado, pero puede que pasado un tiempo lo vea todo más claro",['no distorsión'],['no distorsión'],['no distorsión'],['no distorsión'],4
a_132,"Me noto el corazón muy acelerado, debo de estar nervioso",['no distorsión'],['distorsión'],['distorsión'],['no distorsión'],2
d_73,soy asqueroso,['distorsión'],['distorsión'],['distorsión'],['distorsión'],4
t_27,Estoy convencido de que todo saldrá bien ,['no distorsión'],['distorsión'],['distorsión'],['distorsión'],3
t_197,No ha sido mi culpa que hayamos perdido,['no distorsión'],['no distorsión'],['no distorsión'],['no distorsión'],4
t_124,las consecuencias del incendio han sido terribles ,['no distorsión'],['no distorsión'],['distorsión'],['no distorsión'],3
t_176,No me siento comprendida por mi pareja en esta situación,['no distorsión'],['no distorsión'],['no distorsión'],['no distorsión'],4
a_114,"el tiempo es cambiante, y aunque haga mal tiempo aún podemos disfrutar los días",['no distorsión'],['no distorsión'],['no distorsión'],['no distorsión'],4
a_154,No seré tan mal amigo si mis amigos me dicen que tengo buen fondo ,['no distorsión'],['no distorsión'],['no distorsión'],['no distorsión'],4
a_33,"Si me dice que me quiere lo más seguro es que sea verdad, no tiene porque mentirme",['no distorsión'],['no distorsión'],['no distorsión'],['no distorsión'],4
d_16,casi nunca estoy bien,['distorsión'],['distorsión'],['distorsión'],['no distorsión'],3
a_148,No puedo demostrar que se hayan separado por mi culpa,['no distorsión'],['no distorsión'],['no distorsión'],['no distorsión'],4
t_194,A la gente le gusta hablar bien de mi,['no distorsión'],['no distorsión'],['no distorsión'],['distorsión'],3
d_88,me encuentro muy cansada si no termino la investigación se acabó,['distorsión'],['distorsión'],['distorsión'],['no distorsión'],3
a_24,No puedo saber si le gusto o no si no le pregunto,['no distorsión'],['no distorsión'],['no distorsión'],['no distorsión'],4
d_7,siempre me encuentro igual de mal,['distorsión'],['distorsión'],['distorsión'],['no distorsión'],3
t_99,O me esfuerzo mucho en conseguir lo que quiero o me resutará bastante difícil ,['no distorsión'],['distorsión'],['no distorsión'],['no distorsión'],3
t_25,estoy segura que mañana lloverá,['no distorsión'],['no distorsión'],['distorsión'],['distorsión'],2
t_169,"Me empujo a sentirme alguien capaz, aunque no siempre debo serlo",['no distorsión'],['no distorsión'],['no distorsión'],['no distorsión'],4
a_89,"Para mi es importante aprovar las oposiciones, pero si no salen podria valorar otras alternativas ",['no distorsión'],['no distorsión'],['no distorsión'],['no distorsión'],4
a_21,No puedo saber lo que piensa si no le pregunto. Serà mejor que hablemos directamente,['no distorsión'],['no distorsión'],['no distorsión'],['no distorsión'],4
d_55,mi pareja tendría que ser más cariñoso conmigo,['distorsión'],['distorsión'],['distorsión'],['distorsión'],4
a_94,Puedo controlar lo que como para así no subir más de peso,['no distorsión'],['no distorsión'],['no distorsión'],['no distorsión'],4
d_70,soy lo peor,['distorsión'],['distorsión'],['distorsión'],['distorsión'],4
t_16,nunca me he sentido solo cuando he necesitado ayuda,['no distorsión'],['no distorsión'],['no distorsión'],['no distorsión'],4
d_42,deberían de ser más amables conmigo,['distorsión'],['distorsión'],['distorsión'],['distorsión'],4
t_58,"Tengo que ir al médico, me encuentro mal",['no distorsión'],['no distorsión'],['distorsión'],['no distorsión'],3
a_16,A veces no estoy bien,['no distorsión'],['no distorsión'],['no distorsión'],['no distorsión'],4
a_20,Mi pareja a veces hace cosas que no me gustan,['no distorsión'],['no distorsión'],['no distorsión'],['no distorsión'],4
t_121,la clase de catalán duró 3 horas. Fue horrible.,['no distorsión'],['no distorsión'],['distorsión'],['distorsión'],2
d_179,Si me siento un perdedor es porque lo soy,['distorsión'],['distorsión'],['distorsión'],['distorsión'],4
a_118,sin hacerlo no puedo saber cuál será el resultado,['no distorsión'],['no distorsión'],['no distorsión'],['distorsión'],3
d_50,tengo que hacer muchas cosas pero nunca tengo tiempo,['distorsión'],['distorsión'],['distorsión'],[],3
d_173,"Siento que todo es demasiado complicado, por tanto, debe serlo",['distorsión'],['distorsión'],['distorsión'],['distorsión'],4
d_138,"Si me diagnostican un cáncer sería lo peor del mundo, se acabaría toda mi vida",['distorsión'],['distorsión'],['distorsión'],['distorsión'],4
t_108,"estoy seguro de lo que pienso, aunque podría cambiar si me demuestran lo contrario",['no distorsión'],['no distorsión'],['no distorsión'],['no distorsión'],4
t_64,quedarse sin cenar es lo peor,['no distorsión'],['no distorsión'],['distorsión'],['distorsión'],2
t_63,ese tío es asquerosamente rico,['no distorsión'],['no distorsión'],['distorsión'],['distorsión'],2
d_186,Creo que pongo nervioso a todo el mundo.,['distorsión'],['distorsión'],['distorsión'],['distorsión'],4
d_172,"Si siento que no vale la pena esforzarme, es porque realmente no vale la pena",['distorsión'],['distorsión'],['distorsión'],['distorsión'],4
a_8,Puedo equivocarme pero esto no siginfica que lo haga todo mal,['no distorsión'],['no distorsión'],['no distorsión'],['no distorsión'],4
d_188,"Mi compañero de trabajo me ha mirado mal esta mañana, seguro que es porque le caigo mal.",['distorsión'],['distorsión'],['distorsión'],['distorsión'],4
t_147,Mis padres han separado el dinero en cuentas diferentes. Creo que es una buena idea,['no distorsión'],['no distorsión'],['no distorsión'],['no distorsión'],4
d_9,siento constantemente que a nadie le importo,['distorsión'],['distorsión'],['distorsión'],['distorsión'],4
d_125,La reunión fue un desastre,['distorsión'],['no distorsión'],['distorsión'],['distorsión'],3
t_70,"mis compañeros son malos en fútbol, no le salen bien ningun pase",['no distorsión'],['distorsión'],['distorsión'],['no distorsión'],2
t_22,"estoy convencido de que el examen te va a ir bien, ya que has estudiado para ello.",['no distorsión'],['no distorsión'],['distorsión'],['distorsión'],2
d_103,Me va a ir mal en este examen.,['distorsión'],['distorsión'],['distorsión'],['distorsión'],4
d_33,"aunque me dice que me quiere, estoy convencida de que miente",['distorsión'],['distorsión'],['distorsión'],['distorsión'],4
a_176,"Me siento triste, es una emoción que estoy sintiendo en este momento, no indica que deba hacer cambios en mi vida",['no distorsión'],['no distorsión'],['no distorsión'],['no distorsión'],4
t_172,"Si me enfado es porque, en mi opinión, me ha hecho algo malo",['no distorsión'],['distorsión'],['distorsión'],['no distorsión'],2
a_155,"La crítica que me hicieron me fastidió bastante, pero hice otras cosas aquel día y fueron bien",['no distorsión'],['no distorsión'],['no distorsión'],['no distorsión'],4
d_15,nunca podré hacer mi tarea,['distorsión'],['distorsión'],['distorsión'],['distorsión'],4
t_74,Esta decisión no es del todo inteligente,['no distorsión'],['no distorsión'],['no distorsión'],['no distorsión'],4
a_93,"Es importante que nos impliquemos en el trabajo y seamos resonsables, si cumplo con lo acordado todo estará bien",['no distorsión'],['distorsión'],['no distorsión'],['no distorsión'],3
d_180,"¿Como no va a ser injusto, si me siento así de mal?",['distorsión'],['distorsión'],['distorsión'],['no distorsión'],3
d_162,"¡Estás triste, así que la situación debe ser muy mala!",['distorsión'],['distorsión'],['distorsión'],['no distorsión'],3
t_183,"Se ha cancelado el vuelo, es culpa de la compañía aerea",['no distorsión'],['distorsión'],['distorsión'],['no distorsión'],2
d_23,El ascensorista piensa que soy un don nadie.,['distorsión'],['distorsión'],['distorsión'],['distorsión'],4
d_69,"soy un desastre, siempre me equivoco",['distorsión'],['distorsión'],['distorsión'],['distorsión'],4
t_96,Si me siento feliz cuando quiero ir a la montaña trataré de ir más a menudo,['no distorsión'],['no distorsión'],['no distorsión'],['no distorsión'],4
t_45,tengo que mirar como llegar a casa desde aquí,['no distorsión'],['no distorsión'],['distorsión'],['no distorsión'],3
a_174,"Siento que no soy capaz en este momento, pero quizás solo sea una sensación, voy a intentarlo",['no distorsión'],['no distorsión'],['no distorsión'],['no distorsión'],4
t_54,"Hoy no puedo venir a tomar algo, tengo que terminar un trabajo para mañana",['no distorsión'],['no distorsión'],['no distorsión'],['no distorsión'],4
t_195,"Mi madre se ha enfermado, es su culpa por no ir con más cuidado",['no distorsión'],['distorsión'],['distorsión'],['distorsión'],3
d_64,soy completamente imbécil,['distorsión'],['distorsión'],['distorsión'],['distorsión'],4
d_116,Seguro que no le gusto,['distorsión'],['distorsión'],['distorsión'],['distorsión'],4
t_90,o me lo apunto en la agenda o me olvidaré,['no distorsión'],['no distorsión'],['distorsión'],['no distorsión'],3
a_200,"Que tu marido se haya aburrido el fin de semana, no indica que haya debido de ser por tu culpa",['no distorsión'],['no distorsión'],['no distorsión'],['no distorsión'],4
a_123,"Esta bien intentar lo que nos importa, no podemos saber como irá",['no distorsión'],['no distorsión'],['no distorsión'],['no distorsión'],4
d_189,"Me han llamado del colegio porque mi hijo se ha portado mal, es mi culpa porque no le he educado bien,",['distorsión'],['distorsión'],['distorsión'],['distorsión'],4
t_68,mi amiga a veces se pone pesada,['no distorsión'],['no distorsión'],['no distorsión'],['no distorsión'],4
a_171,"Estudiar no me hace feliz, pero me puede dar muchas oportunidades, eso es bueno para mí",['no distorsión'],['no distorsión'],['no distorsión'],['no distorsión'],4
t_119,es posible que me vaya mal la primera vez que haga algo,['no distorsión'],['no distorsión'],['no distorsión'],['no distorsión'],4
a_189,"Si mi hijo se ha portado mal, no es por mi culpa, él actua con su propia voluntad",['no distorsión'],['no distorsión'],['no distorsión'],['no distorsión'],4
d_161,Siento pavor a subirme a un avión. Volar es muy peligroso.,['distorsión'],['distorsión'],['distorsión'],['distorsión'],4
t_150,Dicen que soy muy simatico porque siempre hago reir a la gente,['no distorsión'],['no distorsión'],['distorsión'],['no distorsión'],3
d_34,"aunque me ayuda, sé que no me quiere",['distorsión'],['distorsión'],['distorsión'],['distorsión'],4
d_46,Tengo que ser más responsable y planifica mejor las semanas,['distorsión'],['distorsión'],['no distorsión'],['no distorsión'],2
d_45,debería zanjar todos los temas de trabajo urgentemente,['distorsión'],['no distorsión'],['distorsión'],['no distorsión'],2
a_46,Me iria bien hacer una planificación de las proximas semanas,['no distorsión'],['no distorsión'],['no distorsión'],['no distorsión'],4
t_140,Las lluvias pueden afectar negativamente a la cosecha y hacer que sea un año duro,['no distorsión'],['no distorsión'],['no distorsión'],['no distorsión'],4
t_157,"La erupción del volcan destruyó muchas viviendas, ha sido un desastre para la población",['no distorsión'],['no distorsión'],['no distorsión'],['distorsión'],3
a_120,"voy a intentar quedar con él, no puedo saber que querrá si no le pregunto",['no distorsión'],['no distorsión'],['no distorsión'],['no distorsión'],4
d_82,"O está impecable, o está sucio",['distorsión'],['distorsión'],['distorsión'],['distorsión'],4
t_2,no comparto nada de lo que dices,['no distorsión'],['distorsión'],['distorsión'],['no distorsión'],2
t_166,"Te sientas o no deprimido, la vida no tiene un sentido. Se lo damos.",['no distorsión'],['no distorsión'],['distorsión'],['no distorsión'],3
a_19,Mi hermano a veces me ignora,['no distorsión'],['no distorsión'],['no distorsión'],['no distorsión'],4
d_195,"Este mes en el trabajo han bajado mucho las ventas, debería haber trabajado más y mejor.",['distorsión'],['distorsión'],['distorsión'],['no distorsión'],3
d_110,"Mañana es el primer día de trabajo, seguro que me equivoco",['distorsión'],['distorsión'],['distorsión'],['distorsión'],4
d_89,Estoy muy agobiado estos días. O apruebo las oposiciones o no sé qué haré,['distorsión'],['distorsión'],['distorsión'],['distorsión'],4
a_112,"Es mejor que me prepare bien para los examenes, para ir más seguro, y esperar al final de la evaluación para hacer valoraciones",['no distorsión'],['no distorsión'],['no distorsión'],['no distorsión'],4
t_87,o voy hoy a ver a mis padres o voy mañana,['no distorsión'],['no distorsión'],['no distorsión'],['no distorsión'],4
a_144,"Me ha fastidiado en ese momento, pero no quiere decir que me vaya a fastidiar el día entero",['no distorsión'],['no distorsión'],['no distorsión'],['no distorsión'],4
t_84,o comemos arroz o pasta,['no distorsión'],['no distorsión'],['distorsión'],['no distorsión'],3
a_96,Es importante implicarnos en lo que hacemos aunque a veces no sale perfeto y también está bien ,['no distorsión'],['no distorsión'],['no distorsión'],['no distorsión'],4
a_196,La meteorología es una cosa incontrolable que a veces no podemos predecir,['no distorsión'],['no distorsión'],['no distorsión'],['no distorsión'],4
a_151,"Si dicen que la cena les gustó a todos, probablemente sí que la disfrutaron",['no distorsión'],['no distorsión'],['no distorsión'],['no distorsión'],4
t_35,Se piensa mejor cuando se duerme bien ,['no distorsión'],['no distorsión'],['distorsión'],['no distorsión'],3
d_49,Tengo que estudiar mínimo 2 horas al día como sea ,['distorsión'],['distorsión'],['distorsión'],['distorsión'],4
d_77,no soy nada inteligente,['distorsión'],['distorsión'],['distorsión'],['distorsión'],4
d_5,Nadie me quiere.,['distorsión'],['distorsión'],['distorsión'],['distorsión'],4
d_131,"Después de esto ya no hay solución, mi vida será un horror",['distorsión'],['distorsión'],['distorsión'],['distorsión'],4
a_38,Quiero mucho a mis amigos y a veces pienso que ellos a mi no tanto,['no distorsión'],['distorsión'],['no distorsión'],['distorsión'],2
d_184,Durante la presentación que he hecho creo que se han aburrido porque soy un pesado.,['distorsión'],['distorsión'],['distorsión'],['distorsión'],4
a_170,"Esta persona me da mala espina, pero no  tengo motivos para pensar que quiere hacerme daño",['no distorsión'],['no distorsión'],['no distorsión'],['distorsión'],3
d_181,María se está riendo; seguro que es de mí.,['distorsión'],['distorsión'],['distorsión'],['distorsión'],4
d_115,Me quedaré en blanco en el examen,['distorsión'],['distorsión'],['distorsión'],['distorsión'],4
t_103,"si no pongo suficiente sal, la comida me saldrá insulsa",['no distorsión'],['no distorsión'],['distorsión'],['no distorsión'],3
t_179,Si te sientes feliz te fijarás más en  las cosas buenas que te pasan,['no distorsión'],['no distorsión'],['distorsión'],['no distorsión'],3
a_157,"Si mi pareja me quiere, no tengo porque dudar de sus sentimientos por una discusión.",['no distorsión'],['no distorsión'],['no distorsión'],['no distorsión'],4
a_145,Quizás tu jefe te ha citado por otro motivo. ¿Podría ser?,['no distorsión'],['no distorsión'],['no distorsión'],['no distorsión'],4
a_2,Mi hermano algunas veces no cumple con su palabra,['no distorsión'],['no distorsión'],['no distorsión'],['no distorsión'],4
t_130,La reparación será bastante cara,['no distorsión'],['no distorsión'],['distorsión'],['no distorsión'],3
a_52,Estaria bien intentar controlar más la cantidad que como,['no distorsión'],['no distorsión'],['no distorsión'],['no distorsión'],4
a_127,"Lo que me está pasando es duro, no es agradable, pero lo puedo soportar",['no distorsión'],['no distorsión'],['no distorsión'],['no distorsión'],4
a_180,"Si me siento mal puede ser por muchos motivos, que alguien me haya tratado de manera injusta es uno de ellos, podría pensar en las distintas alternativas",['no distorsión'],['no distorsión'],['no distorsión'],['no distorsión'],4
d_43,debería limpiar más mi casa porque siempre está muy sucia,['distorsión'],['no distorsión'],['distorsión'],['no distorsión'],2
a_99,"Todos a veces ganamos y otras perdemos, pero lo importante es intentar las cosas que queremos hacer",['no distorsión'],['no distorsión'],['no distorsión'],['no distorsión'],4
a_109,"Si te has preparado bien para el examen no tiene porque ir mal, no podemos saber que passará antes de hacerlo",['no distorsión'],['no distorsión'],['no distorsión'],['no distorsión'],4
d_79,"Las personas son hipócritas, confías en ellas y te mienten",['distorsión'],['distorsión'],['distorsión'],['distorsión'],4
d_52,tengo que comer menos,['distorsión'],['distorsión'],['distorsión'],['no distorsión'],3
d_71,mi amiga es idiota,['distorsión'],['distorsión'],['distorsión'],['distorsión'],4
t_67,en el deporte soy un poco torpe,['no distorsión'],['no distorsión'],['no distorsión'],['no distorsión'],4
a_121,"Ha ido mal, pero podemos solucinarlo",['no distorsión'],['no distorsión'],['no distorsión'],['no distorsión'],4
t_94,Si no  le permito a mi hijo que se enfade no aprenderá que es una emoción como cualquier otra,['no distorsión'],['no distorsión'],['no distorsión'],['no distorsión'],4
a_97,Las cosas que hacemos con empeño y dedicación estan bien aunque no las veamos perfectas,['no distorsión'],['no distorsión'],['no distorsión'],['no distorsión'],4
t_34,Piensa mal y acertarás ,['no distorsión'],['distorsión'],['distorsión'],['distorsión'],3
t_184,"Estaban criticando a alguien esta mañana en el trabajo, seguro que no soy yo",['no distorsión'],['distorsión'],['distorsión'],['distorsión'],3
d_20,mi pareja siempre hace lo mismo,['distorsión'],['distorsión'],['distorsión'],['distorsión'],4
d_169,"Si te da miedo, es porque debe haber algo peligroso en ello.",['distorsión'],['distorsión'],['distorsión'],['distorsión'],4
d_56,tengo que ser el mejor si no me despedirán,['distorsión'],['distorsión'],['distorsión'],['distorsión'],4
a_178,"Que sienta ansiedad al estar entre tantas personas es independiente del peligro real que exista, es solo mi emoción",['no distorsión'],['no distorsión'],['no distorsión'],['no distorsión'],4
d_19,siempre me ignora,['distorsión'],['distorsión'],['distorsión'],['distorsión'],4
d_133,"Me he equivocado en el nombre de un informe, mi jefa me va a matar, nunca más confiará en mí, esto ya no puede ser peor",['distorsión'],['distorsión'],['distorsión'],['distorsión'],4
d_86,No aguanto más la situación con mi pareja. O elige a su familia o me elige a mí,['distorsión'],['distorsión'],['distorsión'],['distorsión'],4
d_80,"Soy muy gafe, estropeo todo lo que toco.",['distorsión'],['distorsión'],['distorsión'],['distorsión'],4
d_167,Mi abuelo murió hace un mes y mi madre está triste desde entonces. Creo que ella se va a morir también.,['distorsión'],['distorsión'],['distorsión'],['distorsión'],4
d_145,Mi jefe me ha pedido que llegue cinco minutos antes. No está contento con mi trabajo.,['distorsión'],['distorsión'],['distorsión'],['distorsión'],4
a_23,No puedo saber lo que piensa el ascensorista de mi si no le pregunto,['no distorsión'],['no distorsión'],['no distorsión'],['no distorsión'],4
a_41,Me iria bien ponerme a estudiar ahora,['no distorsión'],['no distorsión'],['no distorsión'],['no distorsión'],4
t_19,Todos podemos sentirnos mal,['no distorsión'],['no distorsión'],['no distorsión'],['no distorsión'],4
t_190,"Me estaban mirando los pantalones, seguro que es porque quiere unos iguales",['no distorsión'],['distorsión'],['distorsión'],['distorsión'],3
a_40,No tengo nada que justifique mi pensameinto de que me odia si nunca me ha dicho nada malo,['no distorsión'],['no distorsión'],['no distorsión'],['no distorsión'],4
d_83,"O soy perfecto, o soy un desastre",['distorsión'],['distorsión'],['distorsión'],['distorsión'],4
t_148,No tengo comida en casa por lo que tendré que pedirla a domicilio,['no distorsión'],['no distorsión'],['distorsión'],['no distorsión'],3
d_104,"Estoy segura de que, aunque salga con amigos, me sentiré mal.",['distorsión'],['distorsión'],['distorsión'],['distorsión'],4
d_165,"Me siento solo, nunca tendré amigos de verdad",['distorsión'],['distorsión'],['distorsión'],['distorsión'],4
d_101,estoy convencida de que me sentiré mal.,['distorsión'],['distorsión'],['distorsión'],['distorsión'],4
d_155,La crítica que hicieron sobre mi exposición me fastidió el día entero ,['distorsión'],['no distorsión'],['distorsión'],['no distorsión'],2
a_160,"Hay muchos motivos por los que me pudo substituir a media parte, no tiene porque estar relacionado con mi rendimiento",['no distorsión'],['no distorsión'],['no distorsión'],['no distorsión'],4
t_155,"Hemos llegado al restaurante y estaba cerrado, se no ha fastidado la hora de comer",['no distorsión'],['distorsión'],['distorsión'],['distorsión'],3
a_108,"No puedes saber que pasará en la fiesta antes de ir, puedes provar a ir y ver como va",['no distorsión'],['no distorsión'],['no distorsión'],['no distorsión'],4
d_112,Seguro que no apruebo la evaluación,['distorsión'],['distorsión'],['distorsión'],['distorsión'],4
a_59,Si me organizo el teimpo no me pondré tant nervioso y todo saldrá bien,['no distorsión'],['no distorsión'],['distorsión'],['distorsión'],2
t_21,estoy seguro de mis capacidades,['no distorsión'],['no distorsión'],['distorsión'],['distorsión'],2
t_185,Nada de lo que ha sucedido es por mi culpa,['no distorsión'],['distorsión'],['distorsión'],['distorsión'],3
a_34,Como me ayuda supongo que soy una persona importante para ella,['no distorsión'],['no distorsión'],['no distorsión'],['distorsión'],3
a_172,"Siento que no vale la pena esforzarme, pero probablemente sea porque estoy frustrado, lo seguiré intentando",['no distorsión'],['no distorsión'],['no distorsión'],['no distorsión'],4
t_143,"Pude haber disfrutado de la excursión y, de hecho, lo hice ",['no distorsión'],['no distorsión'],['no distorsión'],['no distorsión'],4
t_136,Mi mujer será la directora de su oficina,['no distorsión'],['no distorsión'],['no distorsión'],['no distorsión'],4
d_137,"Mi hijo no me ha llamado para decirme que ha llegado. Seguro que les ha pasado algo malo, algo terrible, seguro que han tenido un accidente",['distorsión'],['distorsión'],['distorsión'],['distorsión'],4
t_75,"Soy la pequeña de mi familia, tengo dos hermanos mayores",['no distorsión'],['no distorsión'],['no distorsión'],['no distorsión'],4
d_148,Mis padres se han separado. Seguro que ha sido por mi culpa.,['distorsión'],['distorsión'],['distorsión'],['distorsión'],4
d_41,Tengo que estudiar como sea,['distorsión'],['no distorsión'],['distorsión'],['no distorsión'],2
d_134,"Que no me responda al mensaje sería lo peor del mundo, lo peor que me podría pasar",['distorsión'],['distorsión'],['distorsión'],['distorsión'],4
t_137,Me han sucedido cosas desagradables,['no distorsión'],['no distorsión'],['no distorsión'],['no distorsión'],4
t_107,"si digo como me siento, me sentiré vulnerable ",['no distorsión'],['distorsión'],['distorsión'],['no distorsión'],2
a_31,"Me parece que a mis amigos les gustaria que les dedicara más tiempo, hablaré con ellos y les explicaré lo que me pasa.",['no distorsión'],['no distorsión'],['no distorsión'],['no distorsión'],4
d_40,"nunca me ha dicho nada malo, pero sé que me odia",['distorsión'],['distorsión'],['distorsión'],['distorsión'],4
d_18,todo lo hago mal,['distorsión'],['distorsión'],['distorsión'],['distorsión'],4
a_182,"Que tu jefe te esté informando de una nueva norma que está afectando a todos los residentes y no solo a ti, no es ninguna razon por la que pensar que no se fia de tí.",['no distorsión'],['no distorsión'],['no distorsión'],['no distorsión'],4
a_73,"Me he vuelto a equivocar, igual podria intentar estar más atento",['no distorsión'],['no distorsión'],['no distorsión'],['no distorsión'],4
a_57,En el trabajo esta bien que haga lo que esté en mi mano para que las cosas se terminen a tiempo,['no distorsión'],['no distorsión'],['no distorsión'],['no distorsión'],4
a_110,"No podemos saber si será así, de todas formas es normal no hacerlo todo bien el primer dia de trabajo",['no distorsión'],['no distorsión'],['no distorsión'],['no distorsión'],4
d_3,Todo lo hago igual,['distorsión'],['distorsión'],['distorsión'],['distorsión'],4
d_1,Todo me sale mal… ,['distorsión'],['distorsión'],['distorsión'],['distorsión'],4
d_132,"Me noto el corazón muy acelerado, me dará un ataque de pánico y será horroroso",['distorsión'],['distorsión'],['distorsión'],['distorsión'],4
t_30,Estoy seguro en este lugar al que he ido a vivir. ,['no distorsión'],['no distorsión'],['no distorsión'],['no distorsión'],4
t_161,Siento pavor al subirme a un avión,['no distorsión'],['no distorsión'],['no distorsión'],['no distorsión'],4
t_50,debo ir al supermercado porque tengo la nevera vacía,['no distorsión'],['no distorsión'],['distorsión'],['no distorsión'],3
d_91,si no dejo de comer seguiré estando gordo,['distorsión'],['distorsión'],['distorsión'],['no distorsión'],3
d_10,nadie me echa cuenta,['distorsión'],['distorsión'],['distorsión'],['distorsión'],4
a_74,Mi jefe y yo tenemos formas diferentes de ver las cosas y no nos entendemos,['no distorsión'],['no distorsión'],['no distorsión'],['no distorsión'],4
a_9,Algunas personas no estan tant pendientes de mi como me gustaria,['no distorsión'],['no distorsión'],['no distorsión'],['no distorsión'],4
a_193,Que tu pareja este disgustada puede ser por muchos motivos,['no distorsión'],['no distorsión'],['no distorsión'],['no distorsión'],4
a_146,Que tu madre juegue más con tu hermana pequeña no necesariamente quiere decir que le quiera más a ella que a ti,['no distorsión'],['no distorsión'],['no distorsión'],['no distorsión'],4
d_108,No iré a la fiesta porque seguro que hago el ridículo,['distorsión'],['distorsión'],['distorsión'],['distorsión'],4
a_88,Necesito un descanso para poder seguir rindiendo y que las cosas salgan como espero,['no distorsión'],['no distorsión'],['no distorsión'],['no distorsión'],4
t_13,Siempre me ha gustado bailar,['no distorsión'],['no distorsión'],['no distorsión'],['no distorsión'],4
a_166,"Ahora mismo siento que no puedo con esto, pero puede que más adelante lo vea de otro modo",['no distorsión'],['no distorsión'],['no distorsión'],['no distorsión'],4
t_170,Me siento mal por haberle dicho la verdad a mi amiga,['no distorsión'],['no distorsión'],['no distorsión'],['no distorsión'],4
a_53,Podria fijarme más en lo que como e intentar adelgazar,['no distorsión'],['no distorsión'],['no distorsión'],['no distorsión'],4
t_66,Es completamente estúpido pensar que puedes ir a la luna andando,['no distorsión'],['no distorsión'],['no distorsión'],['no distorsión'],4
a_42,me gustaria que la gente fuese más amable conmigo,['no distorsión'],['no distorsión'],['no distorsión'],['no distorsión'],4
t_92,Si no le hago la comida a mi pareja no conseguirá su meta de estar más delgada porque no se sabe cocinar,['no distorsión'],['distorsión'],['distorsión'],['distorsión'],3
a_152,No sacar todo sobresalientes no me convierte en un desastre. ,['no distorsión'],['no distorsión'],['no distorsión'],['distorsión'],3
t_186,"Mi compañero de trabajo me ha mirado esta mañana, seguro que le gusto",['no distorsión'],['distorsión'],['distorsión'],['distorsión'],3
d_174,"Siento que no soy capaz, por lo tanto no debo serlo",['distorsión'],['distorsión'],['distorsión'],['distorsión'],4
a_141,Perder el paraguas es un hecho puntual que no afecta a como soy yo,['no distorsión'],['no distorsión'],['no distorsión'],['no distorsión'],4
t_187,"El proyecto no ha ido bien, no es mi culpa",['no distorsión'],['no distorsión'],['no distorsión'],['no distorsión'],4
a_179,"Es fácil sentirse un perdedor cuando las cosas van mal, quizás podría fijarme en las pequeñas cosas buenas de mi vida",['no distorsión'],['no distorsión'],['no distorsión'],['no distorsión'],4
a_113,"ya superé otras entrevistas antes, puedo superar esta también ",['no distorsión'],['no distorsión'],['no distorsión'],['no distorsión'],4
a_15,"Me cuesta hacer mi tarea, tendré que centrarme en ella",['no distorsión'],['no distorsión'],['no distorsión'],['no distorsión'],4
t_91,Si no hubiera ido a ver esa peli no me lo hubiera pasado tan bien,['no distorsión'],['no distorsión'],['no distorsión'],['no distorsión'],4
d_12,siempre tengo problemas,['distorsión'],['distorsión'],['distorsión'],['distorsión'],4
d_113,no superaré la entrevista,['distorsión'],['distorsión'],['distorsión'],['distorsión'],4
t_6,Nunca he ido a italia,['no distorsión'],['no distorsión'],['no distorsión'],['distorsión'],3
d_17,nadie me tiene en cuenta,['distorsión'],['distorsión'],['distorsión'],['distorsión'],4
d_114,Seguro que hará mal tiempo en vacaciones,['distorsión'],['distorsión'],['distorsión'],['distorsión'],4
a_22,"Creo que mi padre piensa que soy inutil, pero realmente no tengo hechos que me lo indiquen",['no distorsión'],['no distorsión'],['no distorsión'],['no distorsión'],4
a_29,Me trata bien aunque a veces me hace pensar que me odia,['no distorsión'],['no distorsión'],['no distorsión'],['distorsión'],3
a_156,Estando de vacaciones es probable que hubiesen momentos del día de los que sí disfrutase,['no distorsión'],['no distorsión'],['no distorsión'],['no distorsión'],4
a_167,"Como mi abuelo murió hace un mes y mi madre está triste, siento que mi madre también podria morir, pero probablemente sea por como me ha afectado a mi esta situación",['no distorsión'],['no distorsión'],['no distorsión'],['no distorsión'],4
a_111,"A veces algunas cosas salen mal, pero esto no significa que sieempre todo vaya mal",['no distorsión'],['no distorsión'],['no distorsión'],['no distorsión'],4
t_49,debo coger el tren para ir a ver a mi tia,['no distorsión'],['no distorsión'],['no distorsión'],['no distorsión'],4
a_72,"Le he hablado mal a mi madre, he dicho cosas que no queria y ahora me siento mal conmigo mismo ",['no distorsión'],['no distorsión'],['no distorsión'],['no distorsión'],4
t_69,soy pésimo en el ajedrez,['no distorsión'],['no distorsión'],['distorsión'],['distorsión'],2
t_15,No me gusta nada la col,['no distorsión'],['no distorsión'],['no distorsión'],['no distorsión'],4
d_11,nadie me valora,['distorsión'],['distorsión'],['distorsión'],['distorsión'],4
t_154,Me dice que me quiere y a veces me abraza. Estoy super contento con ella,['no distorsión'],['no distorsión'],['no distorsión'],['no distorsión'],4
t_39,Estoy seguro de mis habilidades artísticas,['no distorsión'],['no distorsión'],['no distorsión'],['no distorsión'],4
a_65,Mi tio no me cae demasiado bien,['no distorsión'],['no distorsión'],['no distorsión'],['no distorsión'],4
a_143,Quizás hubieron otros aspectos que sí te hicieron disfrutar de la excursión.,['no distorsión'],['no distorsión'],['no distorsión'],['no distorsión'],4
a_69,Puedo hacer cosas mal pero eso no me define como persona,['no distorsión'],['no distorsión'],['no distorsión'],['no distorsión'],4
a_67,"cuando las cosas no salen como espero es dificil pensar bien de mi, pero en realidad muchas veces acierto",['no distorsión'],['no distorsión'],['no distorsión'],['no distorsión'],4
d_39,"siempre me dice que me quiere, pero sé que no es verdad",['distorsión'],['distorsión'],['distorsión'],['distorsión'],4
d_13,jamás tendré fuerzas para conseguir lo que quiero,['distorsión'],['distorsión'],['distorsión'],['distorsión'],4
t_60,Debo darle de comer a mis perros,['no distorsión'],['no distorsión'],['no distorsión'],['no distorsión'],4
a_75,No me gusta como responde mi pareja cuando discutimos,['no distorsión'],['no distorsión'],['no distorsión'],['no distorsión'],4
a_106,"Estar bien no predice que vaya a pasar algo malo, es mejor disfrutar de estar bien",['no distorsión'],['no distorsión'],['no distorsión'],['no distorsión'],4
a_158,Quizás llegó tarde por otro motivo,['no distorsión'],['no distorsión'],['no distorsión'],['no distorsión'],4
a_5,Algunas personas no me queiren,['no distorsión'],['no distorsión'],['no distorsión'],['no distorsión'],4
t_17,Nada con mucho estilo,['no distorsión'],['no distorsión'],['no distorsión'],['no distorsión'],4
a_78,"Les expliqué mi problema y esperaba otra cosa de ellos, me han fallado esta vez.",['no distorsión'],['distorsión'],['no distorsión'],['no distorsión'],3
t_145,"Mi jefe me ha felicitado, eso es que está contento con mi trabajo ",['no distorsión'],['no distorsión'],['no distorsión'],['no distorsión'],4
d_76,he discutido con mi pareja es completamente estúpido,['distorsión'],['distorsión'],['distorsión'],['distorsión'],4
t_93,O llego a mi trabajo a las 8 que es la hora perfecta o más tarde no consigo aparcar el coche,['no distorsión'],['no distorsión'],['distorsión'],['distorsión'],2
t_98,Si alguien del grupo no sabe jugar  o le enseñamos o es facil que pierda ,['no distorsión'],['no distorsión'],['no distorsión'],['no distorsión'],4
t_113,me irá mal algunas veces,['no distorsión'],['no distorsión'],['no distorsión'],['no distorsión'],4
d_78,es rematadamente tonto,['distorsión'],['distorsión'],['distorsión'],['distorsión'],4
t_42,tengo que ir un momento al baño,['no distorsión'],['no distorsión'],['no distorsión'],['no distorsión'],4
d_36,"nunca me ha dicho nada, pero sé que piensa mal de mí",['distorsión'],['distorsión'],['distorsión'],['distorsión'],4
d_111,Estoy convencida de que todo irá mal,['distorsión'],['distorsión'],['distorsión'],['distorsión'],4
a_147,No tengo pruebas suficientes acerca de lo que va a ocurrir con mis padres en el futuro,['no distorsión'],['no distorsión'],['no distorsión'],['no distorsión'],4
d_66,mi tio es insoportable,['distorsión'],['distorsión'],['distorsión'],['distorsión'],4
a_44,Se acercan las vacaciones es mejor que me ponga ya a organizarlas por si salen imprevistos,['no distorsión'],['no distorsión'],['no distorsión'],['no distorsión'],4
d_171,"Si estudiar no me hace feliz, es porque no es bueno para mí",['distorsión'],['distorsión'],['distorsión'],['distorsión'],4
a_134,"Que no me responda al mensaje sería algo incómodo para mí, pero llevadero",['no distorsión'],['no distorsión'],['no distorsión'],['no distorsión'],4
d_94,O está todo bien organizado o no voy a ir al viaje,['distorsión'],['distorsión'],['distorsión'],['distorsión'],4
a_136,"Si me deja mi mujer, pasaré una temporada muy dura, pero saldré adelante",['no distorsión'],['no distorsión'],['no distorsión'],['no distorsión'],4
a_139,"Si no me quiere, puedo encontrar otra persona con quien poder ser feliz",['no distorsión'],['no distorsión'],['no distorsión'],['no distorsión'],4
d_26,la gente del trabajo me odia,['distorsión'],['distorsión'],['distorsión'],['distorsión'],4
t_89,si no me dicen nada les escribiré yo,['no distorsión'],['no distorsión'],['no distorsión'],['no distorsión'],4
t_168,Siempre me esfuerzo aunque sienta que no vale la pensa esforzarse,['no distorsión'],['no distorsión'],['no distorsión'],['no distorsión'],4
a_1,A veces las cosas no salen como yo esperaba y esto me cuesta de asumir,['no distorsión'],['no distorsión'],['no distorsión'],['no distorsión'],4
a_30,"Tengo la sensación que me estoy implicando menos que antes, pero no puedo saber lo que piensan de mi si no les pregunto",['no distorsión'],['no distorsión'],['no distorsión'],['no distorsión'],4
d_182,Mi jefe me ha dicho que todos los pacientes a cargo de un residente deberían ser examinados por un médico de la plantilla. Seguro que jefe no se fía de mi trabajo.,['distorsión'],['no distorsión'],['distorsión'],['distorsión'],3
d_22,"Sé que mi padre, en el fondo, piensa que soy un inútil.",['distorsión'],['distorsión'],['distorsión'],['distorsión'],4
d_163,"Siento que soy una mala persona, por tanto debo serlo.",['distorsión'],['distorsión'],['distorsión'],['distorsión'],4
t_37,Estoy plenamente convencido de la inversión que voy a hacer.,['no distorsión'],['no distorsión'],['no distorsión'],['no distorsión'],4
t_56,Debo irme ya para llegar a tiempo a recoger a mi hijo a la escuela,['no distorsión'],['no distorsión'],['no distorsión'],['no distorsión'],4
t_41,debería comprar el pan para la cena,['no distorsión'],['no distorsión'],['distorsión'],['no distorsión'],3
t_31,Solo sé que no sé nada.,['no distorsión'],['no distorsión'],['distorsión'],['distorsión'],2
a_36,No puedo sacar conclusiones con la información que tengo ya que nunca me lo han dicho,['no distorsión'],['no distorsión'],['no distorsión'],['no distorsión'],4
d_68,la verdad es que no paro de pensar en que soy idiota,['distorsión'],['distorsión'],['distorsión'],['distorsión'],4
a_39,"No puedo saber lo que piensa, pero puedo fijarme en los hechos para saber si me quiere",['no distorsión'],['no distorsión'],['no distorsión'],['no distorsión'],4
t_165,"Siento, que no puedo con esto.  Pesa tanto que no puedo.",['no distorsión'],['distorsión'],['distorsión'],['distorsión'],3
d_14,constantemente estoy haciendo las cosas mal,['distorsión'],['distorsión'],['distorsión'],['distorsión'],4
t_129,Es insoportable la gente que habla en el cine,['no distorsión'],['distorsión'],['distorsión'],['distorsión'],3
a_192,"Que las cosas vayan mal, no tiene porque ser mi culpa",['no distorsión'],['no distorsión'],['no distorsión'],['no distorsión'],4
a_64,En ocasiones me equivoco y las cosas me salen mal,['no distorsión'],['no distorsión'],['no distorsión'],['no distorsión'],4
t_171,No me apetece hacer cambios en mi vida cuando me siento triste,['no distorsión'],['no distorsión'],['no distorsión'],['no distorsión'],4
a_6,Tengo la sensacion de que pocas veces me salen las cosas como espero,['no distorsión'],['no distorsión'],['no distorsión'],['no distorsión'],4
d_117,me va a ir mal con mi pareja,['distorsión'],['distorsión'],['distorsión'],['distorsión'],4
t_109,"estoy convencido de que será difícil, pero si me esfuerzo quizás lo consiga",['no distorsión'],['no distorsión'],['no distorsión'],['no distorsión'],4
a_199,"Cuando hacen referencia a que hay que mejorar el trabajo, no me lo dicen solo a mi",['no distorsión'],['no distorsión'],['no distorsión'],['no distorsión'],4
d_196,"Hemos ido de vacaciones y no ha parado de llover, es mi culpa debería haberlo comprobado antes.",['distorsión'],['distorsión'],['distorsión'],['distorsión'],4
t_167,"Estudiar no me hace feliz, y eso es molesto para mi",['no distorsión'],['no distorsión'],['no distorsión'],['no distorsión'],4
a_32,Creo que me odia,['no distorsión'],['distorsión'],['no distorsión'],['distorsión'],2
t_76,"Mi amigo es de Brasil, aunque hace dos años que vive en Barcelona y dice que le gusta mucho",['no distorsión'],['no distorsión'],['no distorsión'],['no distorsión'],4
d_170,"Esta persona me da mala espina, seguro que quiere hacerme daño",['distorsión'],['distorsión'],['distorsión'],['distorsión'],4
t_163,"Si me siento soy incompetente, tengo que trabajar de pie!",['no distorsión'],['distorsión'],['distorsión'],['distorsión'],3
d_156,Recibí una llamada del trabajo estando de vacaciones y me puse de mal humor durante todo el día,['distorsión'],['no distorsión'],['no distorsión'],['no distorsión'],3
t_85,"si no tenemos arroz, cocinaremos pasta",['no distorsión'],['no distorsión'],['no distorsión'],['no distorsión'],4
d_136,"Si me deja mi mujer, será horrible, el fin, me moriré",['distorsión'],['distorsión'],['distorsión'],['distorsión'],4
t_104,me sentiré tranquilo cuando termine el proyecto,['no distorsión'],['no distorsión'],['no distorsión'],['no distorsión'],4
d_57,tengo que trabajar más,['distorsión'],['distorsión'],['distorsión'],['no distorsión'],3
t_105,"si no estudio, me sentiré inseguro",['no distorsión'],['no distorsión'],['distorsión'],['no distorsión'],3
d_105,"sé que no voy a aprobar el examen, aunque haya estudiado mucho",['distorsión'],['distorsión'],['distorsión'],['distorsión'],4
a_83,"A veces me equivoco, como todos, pero esto no me define como persona",['no distorsión'],['no distorsión'],['no distorsión'],['no distorsión'],4
t_33,Estoy seguro de mi mismo,['no distorsión'],['no distorsión'],['no distorsión'],['no distorsión'],4
a_191,"Si mi paciente ha empeorado, puede ser por muchos factores",['no distorsión'],['no distorsión'],['no distorsión'],['no distorsión'],4
t_132,Será algo duro y difícil,['no distorsión'],['no distorsión'],['distorsión'],['distorsión'],2
t_142,Los problemas de la vida son consecuencia de muchísimos factores,['no distorsión'],['no distorsión'],['no distorsión'],['no distorsión'],4
t_43,debo irme ya,['no distorsión'],['no distorsión'],['no distorsión'],['no distorsión'],4
t_100,Si soy feliz por cómo estoy aprendiendo a bailar me volveré una volveré bailarina profesional,['no distorsión'],['distorsión'],['distorsión'],['no distorsión'],2
a_129," Puede que me salga mal, pero lo he de intentar. De la experiencia se aprende",['no distorsión'],['no distorsión'],['no distorsión'],['no distorsión'],4
d_35,estoy seguro de que no le caigo bien aunque me diga que sí,['distorsión'],['distorsión'],['distorsión'],['distorsión'],4
a_90,Puedo controlar otros factores para no subir de peso,['no distorsión'],['no distorsión'],['no distorsión'],['no distorsión'],4
a_50,Me iria bien organizarme el tiempo para poder hacer lo que necesito,['no distorsión'],['no distorsión'],['no distorsión'],['no distorsión'],4
d_146,Mi madre está jugando con mi hermana pequeña. Creo que mi madre quiere más a mi hermana que a mí.,['distorsión'],['distorsión'],['distorsión'],['distorsión'],4
t_32,Sé hacer muy bien mi trabajo. ,['no distorsión'],['no distorsión'],['no distorsión'],['no distorsión'],4
d_75,"he tenido problemas con mi antiguo jefe, es una mala persona",['distorsión'],['distorsión'],['distorsión'],['distorsión'],4
a_86,"El problema con la familia de mi pareja me agobia, seria mejor que lo hablasemos y así podriamos encontrar un equilibrio entre nosotros y la familia",['no distorsión'],['no distorsión'],['no distorsión'],['no distorsión'],4
a_51,Puedo considerar otras opciones,['no distorsión'],['no distorsión'],['no distorsión'],['no distorsión'],4
t_106,"en la entrevista, sé que me evaluarán",['no distorsión'],['no distorsión'],['no distorsión'],['no distorsión'],4
a_91,"Todos necesitamos comer, puedo estar más atento al tipo de comida que como",['no distorsión'],['no distorsión'],['no distorsión'],['no distorsión'],4
a_3,Algunas veces hago las cosas de la misma forma,['no distorsión'],['no distorsión'],['no distorsión'],['no distorsión'],4
d_187,"Mis padres están teniendo una discusión en otro cuarto. Cuando pronuncian mi nombre, piesno que se están discutiendo por mi culpa.",['distorsión'],['distorsión'],['no distorsión'],['distorsión'],3
t_1,siempre me he sentido respaldado por mis amigos,['no distorsión'],['no distorsión'],['no distorsión'],['no distorsión'],4
t_199,Mis padres estan hablando de mi en otra habitación,['no distorsión'],['distorsión'],['distorsión'],['no distorsión'],2
t_182,"He estudiado mucho, no merecía suspender",['no distorsión'],['distorsión'],['no distorsión'],['distorsión'],2
t_86,si no encuntro un regalo le haré un vale.,['no distorsión'],['no distorsión'],['no distorsión'],['no distorsión'],4
a_119,"me lo pasé genial en otras fiestas, quizás en esta disfrute del momento también",['no distorsión'],['no distorsión'],['no distorsión'],['no distorsión'],4
d_63,Mi tío es estúpido,['distorsión'],['distorsión'],['distorsión'],['distorsión'],4
d_47,Debo sacar como sea adelante el curso.,['distorsión'],['no distorsión'],['no distorsión'],['distorsión'],2
a_183,"Aunque tengas la culpa de alguna cosa que haya sucedido, nada esta más lejos que pensar que eso se generaliza a todo",['no distorsión'],['no distorsión'],['no distorsión'],['no distorsión'],4
t_120,irá mal en ocasiones,['no distorsión'],['no distorsión'],['no distorsión'],['no distorsión'],4
t_77,Cuando me comparo con la gente de mi classe veo que soy bastante alto,['no distorsión'],['no distorsión'],['no distorsión'],['no distorsión'],4
a_37,a veces pienso que me odian,['no distorsión'],['no distorsión'],['no distorsión'],['no distorsión'],4
t_188,Seguro que no es mi culpa que ya no me hable más,['no distorsión'],['distorsión'],['distorsión'],['no distorsión'],2
t_51,tengo poca ropa,['no distorsión'],['no distorsión'],['no distorsión'],['no distorsión'],4
d_130,"Si mañana no me sale bien el examen será horroroso, yo me muero",['distorsión'],['distorsión'],['distorsión'],['distorsión'],4
d_143,"Pude haber disfrutado de la excursión a no ser por el pollo, que estaba quemado.",['distorsión'],['distorsión'],['no distorsión'],['distorsión'],3
a_175,"Me siento mal, pero puede que sea porque el resultado ha sido negativo, aunque en realidad no haya hecho nada malo",['no distorsión'],['no distorsión'],['no distorsión'],['no distorsión'],4
t_53,"Tengo que ir a ver a mi madre hoy, es su cumpleaños",['no distorsión'],['no distorsión'],['no distorsión'],['no distorsión'],4
t_28,Se que la leche me sienta mal,['no distorsión'],['no distorsión'],['no distorsión'],['no distorsión'],4
t_8,Siempre me levanto temprano,['no distorsión'],['no distorsión'],['no distorsión'],['no distorsión'],4
